patient,scenario,best_change_pct,final_change_pct,change_wk9_pct,erk_rebound_72h,time_nadir_d,ttp_d,G_fb,k_GEF_basal,k_bind,rho_grow,rho_kill,tau_R,k_Z_up,alpha_Z,beta_Z,Z_0,f_block
1,nsclc_mono,-57.84840038676302,-57.84840038676302,-33.27280263822481,46.23470835645217,180.0,,0.8606907658684668,0.04863394138414632,0.16848172839399783,0.0004167291113743311,0.0042007721296023065,25.280309516333325,0.0035963017648363094,7.572907281407724,0.42821987265561295,0.2603588333965833,0.0
2,nsclc_mono,-7.589232816642822,222.22116808702114,52.02888362758091,70.56751172478675,8.0,31.0,1.3782497797708382,0.021861165841084645,0.19581479901831483,0.0006614437128795542,0.0038113673141264895,34.91754047203447,0.007938969113337996,3.16206900276127,0.8935469863719888,0.23047107251553228,0.0
3,nsclc_mono,-13.172475449683652,244.62941429638713,45.491389117727856,67.33257308357017,11.0,32.333333333333336,0.7589879059584271,0.02975270028584174,0.1405996321878296,0.00038284048099244516,0.0024028183535637227,35.79630389163442,0.004089709853025139,0.9581700551732802,1.1799138322555702,0.22310301430272098,0.0
4,nsclc_mono,-0.7676155732371348,232.4424127597715,75.34427725348823,64.1875348126603,3.0,24.333333333333332,0.6599710880476093,0.03681028666758284,0.23052672262720933,0.0010320104984372716,0.0023254405878628827,31.038057398453056,0.013632667365603956,5.62636408380189,0.7437791261698423,0.19003938345884466,0.0
5,nsclc_mono,-12.117837983332436,157.87774670151063,21.173008356881894,80.16439935847342,15.0,46.0,0.7785618656612731,0.017243431665680077,0.12275301389720351,0.0004097966055247137,0.006626427042692365,36.4087188070543,0.003988572470619902,3.526165985216878,0.9295638321220747,0.567405378350434,0.0
6,nsclc_mono,-72.82876910241993,-72.82876910241993,-43.35516411002588,48.52226486954036,180.0,,0.9439245407701305,0.023737806153435192,0.1322671526987584,0.00037311694215738666,0.0035612766165172846,25.79324404611442,0.0033078880084101803,4.756843525050164,0.3850197600822979,0.2801835770567644,0.0
7,nsclc_mono,-33.67170265778891,91.08529275393822,-18.485471812980634,62.73883982204603,26.0,60.333333333333336,2.0604377622305297,0.02179414686586946,0.17213713563952213,0.0005420753792183328,0.0048822439766971525,21.319541080840775,0.0029110098275724177,4.343409830020866,0.9176393390573888,0.012004041354354395,0.0
8,nsclc_mono,-65.47102655347616,-65.47102655347616,-42.35286386660147,25.390529312220693,180.0,,0.35241815008147176,0.014849760501419017,0.2679779968811176,0.0008544269583476588,0.00198770863771792,70.25610402248401,0.00421838830771106,1.47206281136747,0.5522090109073464,0.017114106833065426,0.0
9,nsclc_mono,-22.31747439560081,7.421406239191164,-17.027031519858284,45.04381690333826,26.0,113.33333333333333,0.6939632187167357,0.02304309518821187,0.18338644715367464,0.0005549062905446781,0.00702124497838951,36.118025123717516,0.0040181759118642435,10.348609994647374,0.7602901259477568,0.12422669425243171,0.0
10,nsclc_mono,-2.552608359048625,374.32403340510166,215.53459565468484,71.11398101560053,4.666666666666667,26.0,0.6065148865490346,0.031844954791691624,0.12447159073973871,0.0017651173786473239,0.005069047265220839,48.06281328505769,0.006935605432263877,2.8854135499020352,0.8607715401266359,0.3992892026038143,0.0
11,nsclc_mono,-23.767461426822535,399.97829783990886,288.62279596157896,65.0513443899537,7.0,28.333333333333332,1.3388919738662575,0.03653794428105566,0.184922889867035,0.0005465673844054056,0.004396005331461516,34.58445985210388,0.0026080887400817617,1.763355241653493,2.4866508031737697,1.6066710300231515e-06,0.0
12,nsclc_mono,-12.000651275414754,112.12607828897609,18.512406960451333,75.78346447600597,12.0,45.333333333333336,1.578664339083984,0.014426222088990316,0.25827945431108995,0.0005631646110503511,0.005310138855882318,42.57527820149735,0.0072509357189910455,2.3924460922303514,0.9066538358692646,0.44645393261455174,0.0
13,nsclc_mono,-71.07471755077508,-71.07471755077508,-47.61870363304597,38.97523167205264,180.0,,0.8385066283115433,0.025707910253520424,0.14603547665139147,0.000278423191951247,0.0024604749699255876,38.55680580086254,0.0027794433121002037,2.911422374088527,0.572610873794939,0.024208257820818892,0.0
14,nsclc_mono,-5.530690769318769,399.36770176233597,263.6819466876028,91.82610454403364,4.0,25.333333333333332,0.9260551697240246,0.02956630929216101,0.16325402148844786,0.0006598331527381354,0.005412756054169392,45.22565127816297,0.003875438599709128,1.5417888123830676,1.7270162434450285,0.30369390470823926,0.0
15,nsclc_mono,-20.76282182902778,323.94103937885365,34.511160229232416,75.1269595988947,20.0,41.333333333333336,2.8238027820087472,0.022865395197373933,0.17295164163390495,0.0006684199020455722,0.0026988936811241835,28.944256719025784,0.001736395164666119,1.146535029725969,1.245036254248731,0.15287278614887703,0.0
16,nsclc_mono,-11.224794473902566,155.47714843136617,20.155027793716627,57.587674778886836,15.0,48.333333333333336,1.7178456948645464,0.03231925788539448,0.2075003148764718,0.0005205810945987638,0.0017046414831438296,25.567822188139456,0.0037445047921883193,2.5353288211779685,0.9125585829978953,0.0005617639236077989,0.0
17,nsclc_mono,-64.64177079847897,-64.64177079847897,-48.5997217188604,60.93495777787229,180.0,,1.8168821355905265,0.02668133045537665,0.08897294909618363,0.0004737378207854602,0.004606205451075563,35.251348473127614,0.0017259945645519109,8.219643916881004,0.2152776604715706,0.013676798095080616,0.0
18,nsclc_mono,-24.699572459562326,313.5536026399733,39.328930920823325,57.035680906674266,16.0,37.333333333333336,1.4165827128510042,0.03358533216981285,0.1412202155940583,0.0004978344430579587,0.003426189902251616,46.774653121425075,0.002517391075347654,2.7683819861945334,1.320574753467219,0.034216606069838604,0.0
19,nsclc_mono,-98.93197884526231,-98.93197884526231,-84.15320672291806,45.72068813838082,180.0,,1.0698855574739057,0.025381142971351033,0.18706228356111482,0.0006776257315576676,0.006953357538557228,43.60892801427969,0.002838019998309884,2.70007661057568,0.4155673255289078,0.3800970968658745,0.0
20,nsclc_mono,-93.97533655242736,-93.97533655242736,-83.42825547504577,70.06377478818777,180.0,,2.358651391237891,0.022359448553767817,0.08876305871558528,0.00040699204280483087,0.005992434645262053,29.87444022231094,0.0011572434956933883,2.8789368985900516,0.6787485822165342,0.02253248794596902,0.0
21,nsclc_mono,-35.40564660276312,-35.381393326990505,-34.98185771893656,38.78011362121417,126.0,,0.42306159819308364,0.024726393394319462,0.08449312575816376,0.00039782299420512,0.00415524605115605,33.819320581971574,0.0028489059787944106,7.926583261756555,0.6232294522632443,0.007335954125958689,0.0
22,nsclc_mono,-87.88064356214502,-87.88064356214502,-63.65200307668402,48.89444020187746,180.0,,1.1723369268129624,0.022985195572882373,0.15563940044590271,0.0006555696551966463,0.0069105045416187364,49.50350276903059,0.004339586861491156,3.9013334036345757,0.5605746104241313,0.16156361447254045,0.0
23,nsclc_mono,-9.66691604580696,362.55430366169537,94.85296284860185,84.93869141563641,8.0,29.333333333333332,2.3231101536428875,0.02134140817085011,0.08235184799306175,0.00046513027448410066,0.006434485245792018,28.28672082734391,0.0028084184497547578,6.564471446877821,1.433555773126032,0.1715602823089147,0.0
24,nsclc_mono,-27.085325736326325,229.8626205324809,35.05167067232438,83.36029965353059,7.0,28.333333333333332,1.6831382513649742,0.02425148103746546,0.0969386206543831,0.00045530748172387293,0.010440053932915406,40.96406690428509,0.010935208067342697,2.042206300456011,0.9853608469141519,0.05008099069166249,0.0
25,nsclc_mono,-97.38798236198465,-97.38798236198465,-82.31986645648475,28.430052889366124,180.0,,0.445461933408397,0.01357402695868559,0.19916373402210688,0.0002958492408727503,0.005839453370461741,33.970970483079185,0.0021848707843175443,3.6521370972322265,0.5555268193286291,0.07253237139211725,0.0
26,nsclc_mono,-86.58554312169977,-86.58554312169977,-77.68002987667602,32.98242345428486,180.0,,0.556806253596025,0.019388751486127665,0.1699693072545091,0.00048586607453847554,0.00457598835328104,27.92117075195684,0.0020391517429868998,1.9393781370832932,0.835047180952199,0.007904708256530966,0.0
27,nsclc_mono,-88.45147031867413,-88.45147031867413,-70.38582398690521,49.70011848990093,180.0,,0.2814027662504828,0.029150381411811793,0.11459610554052489,0.0005746770533309464,0.006181046375733209,40.26668261984024,0.006223428216441786,1.0808845935164093,0.7713748042241827,0.12749971921254744,0.0
28,nsclc_mono,-98.05111542068735,-98.05111542068735,-82.47810779113824,30.259050431053918,180.0,,0.7273396238137845,0.024811777306651787,0.2016013636439076,0.0002515703449770258,0.004925589108234314,23.091024405310737,0.0023758323433029902,3.274390885624225,0.2970257997528166,0.015350122643299505,0.0
29,nsclc_mono,-49.918529576723195,-49.918529576723195,-28.249323170440157,44.58511093807232,180.0,,0.8291315990111007,0.02444442109928029,0.24987365056222166,0.0004690336304760079,0.001857113385776267,32.23497104964176,0.0019782403301171997,3.397721527996926,0.4999703041423194,0.43600802613030737,0.0
30,nsclc_mono,-15.895950697008166,142.1883085220268,9.885142263590163,56.25979802768638,21.0,52.333333333333336,0.669148005387413,0.025578760492453383,0.13850515480761555,0.0003296526532428121,0.0023659987151876563,36.204139306875135,0.00229598659216456,3.0876268586257383,1.1110660064530298,0.2037468018527977,0.0
31,nsclc_mono,-1.786605039535305,166.27645261320825,44.029797906952965,98.83159663989171,3.0,33.0,1.905877437555578,0.0183153732687787,0.12862001035288328,0.00018590090236882289,0.004361997298201705,38.494882222011526,0.008373625822219531,4.486074219333513,1.3037159616313072,0.3698142193059719,0.0
32,nsclc_mono,-98.81061238799583,-98.81061238799583,-82.26895367250192,56.88502600423555,180.0,,1.7889234574148307,0.022608591469713574,0.19326052038342004,0.0005845488000263327,0.004474780769681435,45.411504786152946,0.006716763009791962,0.7853025626909594,0.5302225389099082,0.12510592979172752,0.0
33,nsclc_mono,-96.79436621124788,-96.79436621124788,-73.6403045730045,47.01808058992029,180.0,,0.7753147551683838,0.025195670552200497,0.10160156687228505,0.0003135290626830197,0.004140323022165423,44.507389249526014,0.00826070677799058,1.7373960338424599,0.39998645890472645,0.03533954790462138,0.0
34,nsclc_mono,-2.5583267346271032,397.51135553221576,226.32861097089952,103.63172363887693,2.6666666666666665,24.0,0.6549238676031106,0.029012126356858514,0.14531041317175583,0.0003454858425554297,0.0037743267059461806,31.96982437224065,0.004664998929961409,1.4960485220112574,2.164038510558086,0.23531367277205678,0.0
35,nsclc_mono,-0.32864122040909827,184.85501110082816,50.623325986104376,100.82335831811695,2.0,30.666666666666668,1.881800294110531,0.01763537301410217,0.13962248687560955,0.0002082991787077451,0.0044917936522193445,24.283010726582237,0.007713378271074674,6.1143826432738395,1.2908196790104456,0.4606525714598526,0.0
36,nsclc_mono,-17.971257012362642,-13.478418166180973,-17.686264513566464,66.8305690425196,78.0,,1.957368852398443,0.030319723914172838,0.21060036883078745,0.000750824173502358,0.0039263655275657535,31.467807800521776,0.0011638256076436661,5.497883657027041,0.6522821837385334,0.5127363502258824,0.0
37,nsclc_mono,-1.3575292752293522,191.82211498832365,54.43551750690345,80.7678010263164,2.0,29.333333333333332,3.3621742995762136,0.020306964478482927,0.12983972947942005,0.000701235906642867,0.002573154650991305,29.701505085176947,0.007050691494994971,9.55052927244042,0.6343831251339745,0.07016466382646946,0.0
38,nsclc_mono,-99.04013204130162,-99.04013204130162,-95.01488027074134,32.96141685906057,180.0,,0.4869593703053623,0.029925065443277072,0.11785589754542695,0.0003728546379210967,0.01218147268421291,31.827223604670436,0.0013918806034606105,6.762691879601845,0.736444449554279,0.004358427169550013,0.0
39,nsclc_mono,-89.54409921798754,-89.54409921798754,-59.24624037641972,30.375052522943243,180.0,,0.33441287839856965,0.037175015800887376,0.22181468989071987,0.0006444141741816248,0.002844313308137738,39.27145331098975,0.0036937811744786396,2.313076296666007,0.33003404356407307,0.3114027963683705,0.0
40,nsclc_mono,-60.38285688556487,-60.38285688556487,-44.135789209947696,47.464798627720846,180.0,,0.8972672269799127,0.01734212412251308,0.11802349862152982,0.00041455143744759435,0.004078977293857364,35.244804153388515,0.0032475023092492995,4.215292740361271,0.6382735800804481,0.08489850557627764,0.0
41,nsclc_mono,-5.896422037853943,399.31138330278264,241.945426483668,76.23456903584812,5.0,26.333333333333332,1.4713673120488269,0.027580573207748076,0.12320461844801667,0.0005679330682594802,0.0019421250764642209,32.78290805086083,0.0034849496365210223,1.636967871242519,1.8823816126929607,0.06234183535312904,0.0
42,nsclc_mono,-8.45059533762279,347.5031030786047,104.92569396931333,83.26487003405187,6.0,27.333333333333332,2.2364626742302334,0.016415238527339927,0.13543511976416095,0.0005800494782749126,0.003238836125571803,33.515519666875036,0.006859795769282179,1.4056187590260327,1.1438612046332366,0.13052254226614043,0.0
43,nsclc_mono,-1.9857286831174825,396.64508230805467,209.2419713336658,94.64576390072848,3.0,24.333333333333332,1.3899599884966893,0.02711238559568581,0.13995678065177114,0.0006106698591757392,0.00842086032990995,41.7996910532803,0.0031464325960017772,4.598441659628352,1.5982673441551238,0.3841274870733308,0.0
44,nsclc_mono,-90.20014115831484,-90.20014115831484,-62.74505622049173,64.25641229303064,180.0,,1.6058160626548739,0.020889179737762394,0.07563522066556695,0.0004478704908225944,0.0031207646571639355,34.7317989914173,0.004824738231889794,1.1168888520598206,0.3957848121886095,0.030662090046591976,0.0
45,nsclc_mono,-30.60334896612591,-29.33766117923293,-30.322176502541087,66.00000565932757,84.0,,1.8372604318199504,0.0273559651704293,0.07268285465738818,0.0003250444331665305,0.002903424584647843,41.6985537663213,0.002224303266102221,4.701650475374726,0.5807135468532992,0.018490527444775518,0.0
46,nsclc_mono,0.0,46.1817147099685,11.107006306335055,63.612959355976585,0.0,94.66666666666667,1.0472529259656653,0.03013140010870738,0.10989200572523002,0.0005132523264201601,0.0016407027644803427,26.738169610060908,0.0022652568007194658,7.343896382005024,0.5237907236425858,0.5442224365836044,0.0
47,nsclc_mono,-99.98656848721032,-99.98656848721032,-96.8418238230683,36.0343743387565,180.0,,0.31910365102429245,0.028585737703617414,0.10385645533245524,0.000675014463223576,0.00871330525890675,22.69477636554009,0.0027224441888679405,2.0252462165088443,0.2422274524077872,0.358616331037295,0.0
48,nsclc_mono,-70.54629277651307,-70.28036145751233,-62.30482886334641,69.92374044530263,154.0,,2.543698900722758,0.033894005009417284,0.13750769107185054,0.00021418121072302025,0.002622939640424532,27.844777568587013,0.0007512481129834611,1.792728911169049,1.0497843887713567,0.09801498688475031,0.0
49,nsclc_mono,-20.404241248289757,-18.53827424347,-20.254955933867038,53.673591436021525,48.0,,0.9625524077069485,0.022032696276135945,0.15629538622744737,0.00047582768389054994,0.004035180996572256,33.19066429363548,0.004375302013477648,4.990617373054977,0.7076303763568711,0.19483694419157052,0.0
50,nsclc_mono,-32.14718154701731,399.95527881418786,172.59304958519067,60.83614458354136,12.0,33.333333333333336,2.0106419551568186,0.015078428992328946,0.14291634402418504,0.0005313147569667725,0.004645745719416227,59.5556948085027,0.0012614138306327027,3.6304418444752367,2.8836467479644523,8.946850716784572e-05,0.0
51,nsclc_mono,-31.676276006004567,-31.676276006004567,-22.771428678525073,37.53699798489903,180.0,,0.49838107132208154,0.022809826595481666,0.11253060054507143,0.0009640462937552892,0.0014614714685323286,38.39355609478952,0.0034970452285855605,1.6867008755635726,0.40668914786510707,0.13227237995747063,0.0
52,nsclc_mono,-82.98909574853536,-82.98909574853536,-54.56613820399663,38.43764806411627,180.0,,0.6006492947724993,0.019659273415438754,0.1913377543335451,0.0006815144269607827,0.005760432206491411,34.40882724814924,0.006310175508282126,4.816450415684776,0.4871248912493986,0.08016974015912968,0.0
53,nsclc_mono,-20.347310234866313,-20.347310234866313,-13.74256467562608,53.752047825969164,180.0,,0.821756564541609,0.01956815584540104,0.18091297965650432,0.00047174489681615174,0.0022341939314711287,44.678021190571656,0.006051467359773577,3.071130748959554,0.6421947772739788,0.31070069382683546,0.0
54,nsclc_mono,-38.163965237101706,398.5962271294754,123.78085342129208,71.22271180202654,11.0,32.333333333333336,1.4339807823815742,0.03553861068067896,0.11285073776479967,0.0005942924568113983,0.007432128175823402,34.702257563804,0.0018181130775929073,2.198830078375719,2.0055068757819505,0.09043368296386031,0.0
55,nsclc_mono,-17.265582556906047,279.1831073093316,31.760614893148855,36.10550206226326,18.0,41.333333333333336,0.6971620125474457,0.02692454072846319,0.2177717312013621,0.0005497647840131528,0.0017656751545810998,39.45021163879021,0.0022412774517089995,3.011308135592328,1.2013719967345344,0.0026190007284022797,0.0
56,nsclc_mono,-31.106034293651252,108.83197261085628,-4.2516981397451525,63.885823327709716,18.0,46.0,0.8104376425425719,0.02568384507889493,0.16437987411356816,0.0006185717488964928,0.0053432411904215165,39.49586558357598,0.006127354052431915,1.260086709208337,0.8926599428259845,0.26305751184074994,0.0
57,nsclc_mono,-99.76463192096557,-99.76463192096557,-92.73204985731668,29.099293936064807,180.0,,0.4113890146139781,0.021434302990647282,0.1150320532156524,0.0006166321533462328,0.005188315729155304,59.674976376798774,0.002403870809362118,1.3715223623012074,0.4172014514891292,0.0302527184207356,0.0
58,nsclc_mono,-14.06735470813879,-14.06735470813879,-7.7761927120600705,69.69964206415752,180.0,,1.6431300944868863,0.04307736340646479,0.06301695762818955,0.0002860400651072005,0.002201423383627963,32.02672015183075,0.004564707966396341,6.972627558348847,0.228171436492676,0.39360887116462884,0.0
59,nsclc_mono,-46.35864703087189,-46.35864703087189,-28.92884690959603,61.29515472564341,180.0,,1.9299399161296333,0.034970048529469895,0.10745408746337967,0.0003015918438220477,0.0033764171566894874,51.73211308593301,0.004946947197875099,5.308091175401417,0.4564557156349679,0.0055637003691955235,0.0
60,nsclc_mono,-66.29800497752156,-66.29800497752156,-43.24125056238314,69.64267276517418,180.0,,1.2203992331509217,0.026744168936772283,0.14702815558321744,0.0002919818983131088,0.009909418017498402,47.0529994287207,0.009126945006678171,4.281919733007759,0.7921366129431704,0.2563062747666412,0.0
61,nsclc_mono,-1.5901627339605096,387.150772772134,150.70228944438804,72.64582186447092,4.0,25.333333333333332,1.7349483338733869,0.02354345306911999,0.098607596504316,0.001145710680078591,0.0036898905817983507,33.08956364116986,0.00326782141533782,8.502612693640227,0.9574251410885507,0.1835514088900866,0.0
62,nsclc_mono,-6.803397428209712,222.00922445424305,40.9697098764229,70.67859666245771,11.0,40.333333333333336,1.6373581986465078,0.01593293746214528,0.13397335921826084,0.0007380542250233061,0.0032958378645274234,28.99996605609765,0.0033381648161075884,3.8087086418997362,0.8756240207560599,0.2952566670878993,0.0
63,nsclc_mono,-78.97264950127862,-78.97264950127862,-59.81446592326094,48.66411965206884,180.0,,0.8808830949834957,0.033303578401668824,0.23106347531272736,0.0010910200919214655,0.0075169617572267144,24.61326479681257,0.006469128916065165,2.5860000456290155,0.7044168674773733,0.05707474815373412,0.0
64,nsclc_mono,-99.98656977265608,-99.98656977265608,-98.63575450854302,48.3721265569168,180.0,,1.365834719514801,0.020077501380149243,0.1515540382905199,0.0005335755513205327,0.007805724824090049,21.012374051120876,0.0012133172345657735,1.3374072097415293,0.6126800671658146,0.027443715425552632,0.0
65,nsclc_mono,-11.063046771784446,359.1569307205022,104.749401593005,78.66964411242876,6.0,27.333333333333332,2.453442701561833,0.02763010300425553,0.1359744555485124,0.0004586532463316943,0.0038593316299212702,53.566703655334024,0.004746608747312664,3.499515892177235,1.3976663068233819,0.042020364705938285,0.0
66,nsclc_mono,-51.931025976022774,-51.931025976022774,-39.63176306636246,53.424774395025395,180.0,,1.230415512382175,0.026394245692446822,0.1236528704177865,0.00024035894512308055,0.0036380061464861245,28.494143933799243,0.0026789051165578555,5.196600099449483,0.6976676720844633,0.06004240077604778,0.0
67,nsclc_mono,-1.1102230246251565e-14,340.3076139743026,116.32348192330358,93.10925973451995,0.0,21.333333333333332,0.8131834456404687,0.0382383499418187,0.08028991279285978,0.000537308419553049,0.003821661769335181,33.55654720916666,0.008073178050718851,4.866981816005732,1.051275830814415,0.4820279529031252,0.0
68,nsclc_mono,-5.092203354376245,283.15571378262956,47.10264890114859,48.99871762138533,12.0,41.333333333333336,0.6791847893188512,0.02226033291075686,0.32998271406132496,0.000690992425688164,0.0020350853258146247,35.44257062929465,0.0020701819307486356,6.004058258716377,1.0643185915785487,0.2430923952517381,0.0
69,nsclc_mono,-95.0169015575969,-86.56836302880959,-94.81490260954497,63.51910779782022,73.0,152.0,0.7953391308454292,0.027823468890730143,0.13158668234995882,0.00038581145653424553,0.014786717458265838,30.415433445435262,0.000820946408713624,3.451770007171316,1.2222825662078454,0.29086680688178834,0.0
70,nsclc_mono,-90.25122825714256,-90.25122825714256,-70.32106361461244,55.086474470747085,180.0,,1.4935275229190144,0.015507247194480739,0.11399231217876626,0.0005700019220197358,0.007230173365949154,33.886945835026594,0.0026913185665596424,4.875195427849466,0.4626606321846217,0.0816394270361837,0.0
71,nsclc_mono,-94.03128965260954,-94.03128965260954,-73.65017012465566,45.56288476427579,180.0,,0.5877788739527289,0.03223052493323725,0.11172445038761807,0.0002467346430547395,0.004698913678055974,49.16560339052822,0.0019574441664594383,2.8018480198681153,0.6139644690280606,0.24781422708918133,0.0
72,nsclc_mono,-6.29152175383676,194.29339493041488,39.87273729507565,67.59739961976395,10.0,37.333333333333336,1.255464988815468,0.02017906336802775,0.36835540855430965,0.00042918601072301993,0.007847360357962224,37.920276936646935,0.004881222506604233,12.410464377658402,1.0172120566880152,0.3605323703395979,0.0
73,nsclc_mono,-37.18008611743239,-37.18008611743239,-33.65414616645111,42.4922208546122,180.0,,1.1145567339074223,0.0282818129592952,0.20816590677126498,0.00027014673060206786,0.0068386599285539,17.234126610112654,0.002554844924434048,19.761972884582867,0.6821160429452018,0.0001551998330070129,0.0
74,nsclc_mono,-77.61443636257503,-77.61443636257503,-49.087966920065575,35.71848746859982,180.0,,1.1517454779225051,0.02114967035503443,0.18871626530879776,0.0005224683549966945,0.0025462924197745575,51.100550539430046,0.003374443610279783,2.9460409132910783,0.30859310374522814,0.047676413077299064,0.0
75,nsclc_mono,-31.36120950298915,-31.36120950298915,-18.898146454937116,55.997373095657764,180.0,,1.317233886730038,0.026290562539722225,0.1201245446755336,0.0004023914183243764,0.0026445122762968416,26.06059038366659,0.005517657099385765,5.534425276088959,0.42261650248945287,0.07404153245974125,0.0
76,nsclc_mono,-91.9062609747148,-91.9062609747148,-68.11742979938147,33.80214536424557,180.0,,0.5827211127791324,0.014210670196661987,0.1645423121909876,0.0006086132510230825,0.004296507419467473,39.69554046804118,0.002031553526695451,3.590219106673451,0.39229376283095735,0.22079161514589749,0.0
77,nsclc_mono,-20.61301601778991,-15.432024564098567,-20.387196924330652,59.51159257294142,50.0,,1.449951805146313,0.019963670370958423,0.13293862427792152,0.0003190989520062856,0.0026641824535290253,29.92398110676065,0.0029672278366934734,4.174196732535079,0.7332625439067343,0.1489331556115695,0.0
78,nsclc_mono,-15.203005356828891,-8.117720243120152,-14.484931844136305,64.63945247692982,39.0,,1.993170531364472,0.0215110602839804,0.09566014867557408,0.0003327971663029589,0.0024870510271884512,34.92705504294113,0.002863590856637191,7.6996788000666525,0.4597348338539963,0.0006830362574827095,0.0
79,nsclc_mono,-9.19030691382996,399.86779457081616,301.7716446780911,79.77852185276546,4.0,25.333333333333332,1.0831802796202459,0.018601012104380577,0.2274298123430478,0.00046285228943271703,0.0034682682964466797,42.056436935614094,0.00483502952852075,3.131543725956225,2.301076519489269,0.025685010257025107,0.0
80,nsclc_mono,-34.6563377604941,-34.6563377604941,-23.512649004013497,57.782652244314704,180.0,,0.3701477243430315,0.019277578183672876,0.08506265551968975,0.0004465076185735988,0.0028251558639927244,28.5676366567534,0.010012287280604633,1.5733078248991068,0.6926776813128226,0.09230464081708549,0.0
81,nsclc_mono,-91.09447261739813,-91.09447261739813,-61.744164100311785,45.86842957447226,180.0,,0.889649609197457,0.03853744208788709,0.11564016613337548,0.0006366895466932067,0.003864536452795025,35.57515172413878,0.006147520472005353,2.507377052750839,0.2672966915027745,0.18227439160971914,0.0
82,nsclc_mono,-1.1102230246251565e-14,399.76862599752786,278.82992008029623,96.55711973199122,0.0,21.333333333333332,0.7878592335906811,0.020192370508872966,0.09994909580673797,0.0008853080051965325,0.004115944027605936,34.32776029938979,0.0018408649819603726,4.23076574082222,1.6575732210711684,0.4180165578297426,0.0
83,nsclc_mono,-81.61091723329619,-81.61091723329619,-50.22610163681751,32.43116828522995,180.0,,0.7094009587903132,0.017864385651686753,0.1602422174684213,0.00035364705950303993,0.004749914616290823,43.291176787920044,0.004992132887172955,6.996715463935033,0.22909992723757977,0.11073712914245573,0.0
84,nsclc_mono,-6.843983919946295,45.43332056835996,3.091663629392727,53.88205645411398,18.0,89.0,1.0378446827090002,0.01671470296908105,0.07926790894728925,0.0009924107334717083,0.0031007906439747116,28.15224213834265,0.002447246713050941,8.574633415571965,0.33403195283726195,0.19905903511025408,0.0
85,nsclc_mono,-42.73661514031472,47.495966498761774,-29.690860452580303,44.18995161741866,26.0,60.333333333333336,0.7075226534438799,0.0195097905874806,0.2820459386607013,0.0004381023062376569,0.0037407338221820395,38.20608993132496,0.004694400506449309,0.8733520636069347,0.9530059593225036,0.058333057981368154,0.0
86,nsclc_mono,-1.9631132842976018,166.1129513665862,43.45377278805971,78.4037610082536,4.0,33.666666666666664,0.947061860195513,0.030824019316224548,0.10311149671083648,0.00039423024346893113,0.0021105567156389456,35.13323263781952,0.012766411808674511,3.705385452890958,0.8419504137293712,0.21857516504826838,0.0
87,nsclc_mono,-71.97240315988121,-71.97240315988121,-56.414133634843154,48.07343146189405,180.0,,0.7679856588075957,0.015305839463447646,0.06631343379452659,0.0005829884092149285,0.00353488566648882,31.355846123716685,0.0010358265685436084,5.3633396497944155,0.42860011282971844,0.09584731225099082,0.0
88,nsclc_mono,-14.683049780510416,133.1480915813867,20.260248980865093,66.74126973490316,10.0,39.666666666666664,1.2026232098947205,0.021659037168294894,0.1669720086987736,0.00030548430944945084,0.0035965228059271458,40.685326636016065,0.0072306395596298395,2.3074644251608483,1.000023442542509,0.10218606294428997,0.0
89,nsclc_mono,-99.40118270262265,-99.40118270262265,-89.6583939155485,31.48127963307915,180.0,,0.869433916588348,0.024205023777508255,0.1769486781655473,0.0005713558218110661,0.003936171308879529,50.27454950712347,0.0015990596900658889,1.1814420670346077,0.43648822576245494,0.04480369464858934,0.0
90,nsclc_mono,-12.250444149587148,335.27121991052707,68.85242162800971,67.27070181286886,9.0,30.333333333333332,0.7253586512084083,0.045917724485204314,0.15380109741965126,0.0003157597224924287,0.007116691584485775,46.42956969326883,0.0023183216989236064,11.439456114468685,1.736760885839282,0.1682313050943924,0.0
91,nsclc_mono,-22.905335175159426,381.31549017147296,110.0617572597089,60.15237073160959,10.0,31.333333333333332,1.0551139787883115,0.018963939450091595,0.1277821000595795,0.0007139305980357845,0.004403405664631755,21.881180378462858,0.004176038280384198,2.704007115814583,1.2608714685748328,0.00041560967742436514,0.0
92,nsclc_mono,-37.51078473570065,-37.51078473570065,-23.73644260501787,52.562861862315366,180.0,,1.1407105849388457,0.014695176840956664,0.15958983689756426,0.0003676170912391156,0.0018487322371430815,29.15328058425435,0.0017685189495519726,3.969646860083437,0.5450558792513113,0.3471356861108754,0.0
93,nsclc_mono,-76.13343005500538,-76.13343005500538,-54.87412923885675,33.59822497230766,180.0,,0.6156964311327722,0.02038941404399861,0.12618798176358506,0.0005406548185525157,0.0027117156957700258,32.1114411016373,0.00209861740852159,3.246544207848748,0.44586310964324505,0.00323989024923293,0.0
94,nsclc_mono,-85.49535001872144,-85.49535001872144,-62.01142888720381,42.163274340524424,180.0,,1.191234018865024,0.02432836884442639,0.15691550032911844,0.0004244734907335404,0.008180851650151219,38.838519691489374,0.003527599176784882,9.639385107123656,0.36538034351558735,0.0021612870929961043,0.0
95,nsclc_mono,-20.35892457296711,130.05399159279224,-1.1336006430850865,64.94852808591759,24.0,59.333333333333336,0.7521572549200247,0.025936315910468327,0.20011476880978118,0.0005079334415487991,0.0057410479409367695,48.593696499519304,0.002580869387527447,4.531477320879558,0.9657566795658955,0.4243063865825384,0.0
96,nsclc_mono,-45.93064885411191,-45.74959560484201,-43.835655563713885,38.85884687179884,132.0,,1.1954082167945415,0.03888363396785849,0.19723982506484783,0.00042131055371481623,0.001899740727445261,43.782976740816764,0.0016601556576121934,2.0019159501516146,0.7802130263881136,0.001633428111924838,0.0
97,nsclc_mono,-91.0763146845047,-91.0763146845047,-67.36529433970502,47.4344850030846,180.0,,0.6445562753893622,0.022717729771418404,0.05639734462458024,0.0005001338312328893,0.003193121059254612,31.222912311874786,0.0027423667244195135,2.078603724870388,0.2744050964918279,0.01977212579089647,0.0
98,nsclc_mono,-99.16879667854349,-99.16879667854349,-87.95870949063178,74.30894728927507,180.0,,3.4493463305760574,0.03488263812736947,0.15812333918962887,0.00019580889501000817,0.005528866785569959,26.807814631364593,0.0016261602103874301,1.5189853658992485,0.47471091037278607,0.13586574658811118,0.0
99,nsclc_mono,-96.0057068658731,-96.0057068658731,-76.46173280134727,34.52444284304666,180.0,,0.7148406610420301,0.023381880740160246,0.14919192419438007,0.00039066259284761335,0.00429765214262977,33.421040202011184,0.002648232983800766,2.79132839638156,0.38603698723830615,0.037221846928582825,0.0
100,nsclc_mono,-37.84130604748318,-37.84130604748318,-29.81663938591864,42.361440526134416,180.0,,1.2470838706202216,0.021946532398475663,0.20502122557790844,0.00044299689777078173,0.002356349902776586,30.781757999440714,0.0014499378861600675,6.672623344270559,0.514847689413199,0.12023799033739178,0.0
101,nsclc_mono,-30.144385966554154,344.31534858031006,72.07947577548654,76.77096214891864,7.0,28.333333333333332,1.1493896037615758,0.015773862667634912,0.07649241659985298,0.0004333585871319912,0.006363492825705165,26.60440462348318,0.005917424428071039,0.448274034542539,1.3510975783429515,0.033194147458595544,0.0
102,nsclc_mono,-26.031856934999485,131.13652700739286,3.0413202281173835,66.86823582138251,18.0,45.333333333333336,0.683684358791674,0.04007958170561389,0.15743523039348215,0.0003515931897380922,0.005578155119242461,30.12837609210698,0.0034118237749268393,2.733638141610294,1.0370934656805872,0.32889511713499303,0.0
103,nsclc_mono,-81.37613664269507,-79.90963625245404,-78.95010603670204,56.64814693220024,113.0,,2.091531779628627,0.01883143004302416,0.14203794165480182,0.0007192692078464513,0.006530418836296787,49.966503622877724,0.0010951559090216798,3.7365133632353276,0.8452482788267752,0.05464255954498041,0.0
104,nsclc_mono,-97.99192229398209,-97.99192229398209,-85.5377781474676,49.779645698323634,180.0,,0.8008971181899517,0.010640149273894286,0.09145415739437074,0.000510964642061146,0.005932454748825321,27.409651352970332,0.0022707919226304138,1.9048890828419718,0.6031559182632688,0.14410596972080789,0.0
105,nsclc_mono,-88.28191273871984,-88.28191273871984,-60.66176068384775,34.88918447306291,180.0,,0.599119368412382,0.03130940827604867,0.10506404138455476,0.000361565425408977,0.0028778975590838802,31.734914281347454,0.0031506118197861875,3.1191846058980013,0.17589286605354038,0.0007743935658979973,0.0
106,nsclc_mono,-93.88242819838825,-93.88242819838825,-75.81593790450484,51.47082508012044,180.0,,1.5478277148015387,0.02799651532646387,0.1369750909027179,0.0004513417852605232,0.0030324008758081836,23.957887702036146,0.0009591276315458395,2.351570822650082,0.36245146122668914,0.01595889853498664,0.0
107,nsclc_mono,-96.47099909568647,-96.47099909568647,-77.34738506280452,30.48879926742019,180.0,,0.4400378762587062,0.016588723896223328,0.16759656190628908,0.0005560530978274376,0.004826081675959427,32.32748673530825,0.003924258286514469,2.4390164519855655,0.49199540812794473,0.0019022127975870523,0.0
108,nsclc_mono,-42.66908873563953,-42.66908873563953,-22.52637037893099,54.51098921164079,180.0,,1.015556688931974,0.021048448266821156,0.14723825077296285,0.00035994298406175534,0.0013094879325446826,28.050241810503568,0.0023594934733869475,2.2598046016516493,0.47395736694177154,0.471072433245347,0.0
109,nsclc_mono,-99.99526463757704,-99.99526463757704,-98.44558469476407,36.17871168264799,180.0,,0.733643835215522,0.031547727115030504,0.15313103043855744,0.00026440990501138,0.009780669167951467,26.308203592572195,0.001540198921337441,2.4893433474273676,0.2527814333907151,0.20772577775848886,0.0
110,nsclc_mono,-20.190999999787895,-19.278113626780836,-20.092954472453982,59.78678296603673,77.0,,1.758966439108783,0.01870323583717661,0.08147720730799428,0.0003562930790296239,0.004779727828393226,51.77779912412903,0.0023432613628379265,14.259272704603125,0.40762957819551415,0.08303142876173064,0.0
111,nsclc_mono,-57.70143845868873,66.11405197086167,-56.50766056162648,55.835583725837466,51.0,86.0,2.270665198006797,0.031446290289967795,0.2209355456589847,0.0007099524978814376,0.003679820900084792,32.41807778337269,0.0009254738981055871,3.335240541676821,1.1584444912138445,0.0013362757041449483,0.0
112,nsclc_mono,-22.859183305995533,-17.401824752101447,-22.308844163544794,61.159248611893844,42.0,,1.128621877658009,0.01620011601059145,0.09370262879431748,0.00038395995099054766,0.0037521902603294037,37.22917205626519,0.00421536175579683,3.678388399682891,0.7208162508315072,0.17451419972367888,0.0
113,nsclc_mono,-99.93073665710128,-99.93073665710128,-95.60777324498825,37.75492407121867,180.0,,0.848535906205319,0.03530738534934924,0.17781810991500221,0.0004380006959078356,0.0060863845124807334,32.64076352960667,0.002897793283650857,0.9459512488620493,0.5822890578946669,0.0070342241351178695,0.0
114,nsclc_mono,-95.2843433972219,-95.2843433972219,-71.08675793058087,49.11802435295527,180.0,,2.5757934865309307,0.019809961255882906,0.2398119822788723,0.0003352800980921746,0.0036190201346133263,57.80610015680755,0.0037834545706050275,2.1117422622761524,0.1867325903759496,0.043385946099205104,0.0
115,nsclc_mono,-15.933286595311703,268.47110795080266,54.52224132731076,59.179630490339676,8.0,29.333333333333332,0.883878296588448,0.02212491913947864,0.21599932037845254,0.000626187488087759,0.006671479505102435,46.09145648376112,0.00883358525193989,5.8121133832970004,0.9461662523267995,0.02202506951912901,0.0
116,nsclc_mono,-96.79787921416518,-96.79787921416518,-71.82748620908174,50.135752622531946,180.0,,0.298723491436142,0.01747393236975526,0.2119232851367926,0.0006000530698566633,0.00543070157772957,45.85207491713463,0.02126490710358672,2.3976036681840203,0.4817192507456654,0.16467934637567727,0.0
117,nsclc_mono,-70.80987657357576,-70.80987657357576,-44.929248649946075,63.45025782172158,180.0,,1.3533091204942906,0.02530349677597727,0.1501386328871238,0.0004310962445435587,0.004059205085938349,38.05008123651275,0.0019336863276800272,3.420736332162334,0.631522720999535,0.4977519067185276,0.0
118,nsclc_mono,-50.165150011358946,85.78287389574591,-35.744253447967935,62.48947304861437,27.0,55.0,1.3100623594832455,0.015679864265449477,0.12144743648033426,0.00025575910046668666,0.004438274039305698,23.363374929652668,0.0013440594236172455,1.8002263661038493,1.5075718647089829,0.1055803032191877,0.0
119,nsclc_mono,-64.12804641120748,-64.12804641120748,-54.857978853682795,42.31542051875737,180.0,,0.8542520972259302,0.02929389354034802,0.12653823270674314,0.0007864212962422248,0.007671319760424277,30.89964441629213,0.0029492898775204416,8.081042717706211,0.5485305367754788,0.0051894091534952815,0.0
120,nsclc_mono,-8.56628962818904,102.07104710773565,17.356952688110837,64.25341643507329,11.0,51.0,1.1596374609930078,0.029717073181027554,0.10633881022689128,0.00037555867323202103,0.002991692389776521,47.49289889866376,0.006504232808237134,4.418229812471007,0.8272553098675502,0.11438893696353572,0.0
121,nsclc_mono,-97.11541244874678,-97.11541244874678,-74.94242867188895,45.430012136435636,180.0,,1.100563746780946,0.024596441137095488,0.181335112088139,0.0003269007093833818,0.00944909094960201,42.806100263611306,0.0030237885229986204,6.387772439564704,0.32664059259857164,0.47240863766517677,0.0
122,nsclc_mono,-96.33634500128275,-96.33634500128275,-87.12921271125443,40.55727635130392,180.0,,0.5128244775651327,0.03258277219616199,0.09605502147148626,0.0003881259191573914,0.005951199225515536,39.03369732586661,0.001568305219184069,2.470108178830817,0.7545004097272023,0.07745898281361217,0.0
123,nsclc_mono,-40.89756370753649,-40.89756370753649,-29.424513304059086,61.726052810734735,180.0,,1.401383909987769,0.020800838677048784,0.13045891230276266,0.0007256399982902177,0.005237014037681828,30.52486992234465,0.0066293431037351466,3.759113049363644,0.6084589843482862,0.11842517440953688,0.0
124,nsclc_mono,-7.102514263962312,11.936345115095959,-3.15031476290607,68.37457137723406,23.0,176.33333333333334,0.9864666877686376,0.014010297688151974,0.17030880320349787,0.0004815923942107161,0.0034495883638661134,27.136715867960323,0.004058588897890315,4.664602235262478,0.7484862418514817,0.534535601730435,0.0
125,nsclc_mono,-78.7297257699466,-78.7297257699466,-52.43921382502248,57.057631006237685,180.0,,0.95396557298517,0.026575038050250615,0.15886479151087768,0.00041103738848713434,0.0064843549563855475,37.74285805918699,0.008615807896393178,3.1797411701331266,0.7144657558826525,0.06523856062580209,0.0
126,nsclc_mono,-1.4890414716784317,308.0290242117821,82.8300598180894,71.61751427032719,5.0,26.666666666666668,1.2842197097639825,0.0249361867123096,0.13365886879231917,0.0005178799627004063,0.0020956095216510397,35.67836053285447,0.004266057115540045,6.426322599261194,1.1024634933204407,0.22705811113723928,0.0
127,nsclc_mono,-0.10357874923611066,399.99844081004943,377.1610439926254,103.12637115086116,2.0,23.333333333333332,0.9924735157226824,0.016940298811097276,0.10290634421891125,0.0009456571086966083,0.00509711880117198,47.67634333985858,0.005791743962483712,2.6639600937825576,1.8153443176908406,0.27265086684444645,0.0
128,nsclc_mono,-30.388071889704328,9.758600332304002,-25.480815782435663,72.99973671305978,34.0,95.33333333333333,0.9367807838792016,0.019913155482181696,0.10033235434636499,0.0007629998163412583,0.008311485649837493,37.820872316856025,0.0032055059509862828,3.2219095639306925,0.8045029405739627,0.5080036838790719,0.0
129,nsclc_mono,-4.210644707620725,374.3920881070437,127.51722234857948,76.43047089550433,7.0,28.333333333333332,1.0644199302763486,0.02642543974774736,0.11099832050159013,0.0008031444616700172,0.002536138396564116,22.76706808562694,0.0039572758607971555,1.5939282775318906,1.074157792209555,0.3219993513948313,0.0
130,nsclc_mono,-6.931056257108903,370.35747795874414,119.99288856262011,83.93163702913873,5.0,26.333333333333332,1.5212968447557218,0.011778913531085986,0.15442186393155416,0.0002814451760396149,0.0031736550001208344,42.995840953117906,0.003901221712837696,2.6275269827360104,1.938280813787074,0.14198890008145187,0.0
131,nsclc_mono,-35.03895284582248,-35.03895284582248,-30.758493127024245,39.755202426507786,180.0,,0.5330303857539646,0.01906088747770372,0.15265151369658717,0.000322904417144353,0.0029158109453387964,40.03601572843867,0.0045600127091301275,3.0484124202842837,0.7753103731498373,0.0029232061517973336,0.0
132,nsclc_mono,-24.212815706327284,364.8685342871758,92.33295161101265,61.67445561222339,8.0,29.333333333333332,0.9048346004445289,0.020594487497759138,0.143977334327293,0.0004170852612089411,0.0062661646315399335,44.05491221806511,0.004607970187491507,4.036902651479775,1.5590394948199906,0.004015087577164685,0.0
133,nsclc_mono,-27.942352401186767,-27.942352401186767,-17.706251875057966,36.75118100543837,180.0,,1.0078798543988707,0.02814559088899605,0.1761779266756927,0.0009209703063732291,0.003054271265031262,35.91955290627242,0.005318731546559019,8.786949863350761,0.20302643824762726,0.00633121015949524,0.0
134,nsclc_mono,-19.29238679295383,399.0705810739244,240.70253624684176,69.66510535293955,6.0,27.333333333333332,0.6317045726859317,0.016125114796178334,0.15088230553362184,0.000833976406468776,0.005220294137933913,39.901617415592405,0.005415549777862267,1.2158080994601912,1.4719599971011206,0.10661106683281685,0.0
135,nsclc_mono,-98.84655626587876,-98.84655626587876,-83.96981911605039,35.289976048778534,180.0,,0.742361170133151,0.020449255919586365,0.14518364516941626,0.0004799067602631353,0.0056258995094285,43.361755592516836,0.00447237564680172,2.421605408768421,0.34340227133611967,0.026953231987799604,0.0
136,nsclc_mono,-74.31339228252737,-74.31339228252737,-44.56266096360284,41.38732536871112,180.0,,0.9773105524213789,0.023887479330046986,0.1310301794565564,0.0004348615701596888,0.00226363296668867,34.09569540781076,0.0036223815867412056,2.960691816467229,0.24863521979385542,0.08594924398219993,0.0
137,nsclc_mono,-28.876325139700242,17.7220743971223,-27.658192079365485,82.43432331058487,49.0,110.33333333333333,4.415084169696753,0.026046986521606773,0.19072068727557584,0.0007718465456994111,0.003899982422897383,39.0858159292744,0.0010680143933046963,2.221687877320055,0.8796391457628439,0.2975271376123939,0.0
138,nsclc_mono,-8.90535923889968,296.8886921529172,69.14221618659609,73.40502950704033,8.0,29.333333333333332,1.7713147171537211,0.031052538392089445,0.10851287508616694,0.0004967153720332762,0.002940714725273305,28.663395035485674,0.005162208202188806,4.102394299726739,1.0870187165190137,0.020281454984703025,0.0
139,nsclc_mono,-10.697371063100237,320.7380486086486,87.86746595019316,68.59297054796264,5.666666666666667,27.0,0.4956098634369554,0.028392162537786727,0.11653272093444669,0.000494273850857096,0.00502619183612996,36.31744805538907,0.009665670717319209,5.256955707938487,1.1242645973880963,0.0033957062926068165,0.0
140,nsclc_mono,-46.8635728590419,-46.8635728590419,-23.314193931410344,54.20744720860776,180.0,,2.139845174382441,0.018441774429896026,0.20383337747590796,0.0003507346764718754,0.00214754041786164,30.91237105104342,0.005487078616689672,5.442060840586735,0.14837462050056058,0.14742291152777964,0.0
141,nsclc_mono,-94.97838426404573,-94.97838426404573,-81.05308665553557,68.67233016142141,180.0,,2.6903908907683274,0.012959032639030246,0.18823757113510017,0.0006020139318608293,0.010881165545201313,39.87836445869559,0.0019110718926307372,3.8680690631812737,0.7234008815915141,0.27703217301001803,0.0
142,nsclc_mono,-14.095166823998795,103.63071559195038,7.993954624430222,87.58992861624193,18.0,55.666666666666664,2.9971910363668712,0.023785615668907367,0.10909138182300947,0.00027581449789709734,0.004220586907467061,34.22602294040572,0.002748356409819805,1.98536010307539,1.008237923204129,0.40873110008762126,0.0
143,nsclc_mono,-63.753043594774006,-63.753043594774006,-46.80708682609627,58.747749067208986,180.0,,1.5909323159457165,0.012511621307827311,0.10226774630924737,0.00040510211702219983,0.004007436149085854,32.50408917919869,0.002464744320140575,4.464451512691301,0.5416764420471664,0.0639413317363335,0.0
144,nsclc_mono,-48.44957996008743,-36.73746461886856,-48.126204203110625,55.23317510570623,74.0,171.0,0.7825120420995773,0.029444132562872226,0.14408738964436943,0.0003369741381737856,0.005273802018969512,42.17754279808985,0.001461924036602665,4.947004351323284,0.9322969387035794,0.28469712035860256,0.0
145,nsclc_mono,-55.65951506247748,-55.65951506247748,-32.689560638871654,52.053642380893706,180.0,,0.4601818051542437,0.034544032472467824,0.14265196536188504,0.00039878067071498366,0.004737120070158422,42.68559066642375,0.011390763005188412,4.400012087399817,0.660423831702114,0.004569613465606118,0.0
146,nsclc_mono,-97.68649317437612,-97.68649317437612,-82.61811954476283,52.65531668327982,180.0,,1.3637576703330236,0.01912544084180337,0.12925439042042697,0.0005904190588411826,0.00610968457818632,19.466170647010596,0.0016433517011183996,3.2997649845241845,0.3539044970068473,0.17808070198660655,0.0
147,nsclc_mono,-60.196091513568305,-60.196091513568305,-49.24647895889921,67.41841535481096,180.0,,1.00624737041508,0.024481315991918398,0.12221218272603765,0.0005152233264309938,0.004514206196453909,31.291839069836218,0.003094056995015928,1.3881469107542934,0.7993873310797655,0.41216179192073904,0.0
148,nsclc_mono,-90.01217500454976,-90.01217500454976,-67.7830924136502,41.82732696865419,180.0,,0.5719313651730187,0.018779111924524642,0.23516756972752617,0.0004505466428451088,0.004993670148824671,29.254274783334104,0.005753487982544181,1.6321512878037097,0.76703430238144,0.032219258156770555,0.0
149,nsclc_mono,-83.84041859857614,-83.84041859857614,-67.26500561197011,36.83111028614561,180.0,,0.3900406001612255,0.02367553693897714,0.0869462776128897,0.00029290806315175946,0.004327830454291487,27.279025239286018,0.0019948979008713986,4.132515567616146,0.6463015398285755,0.017995563660032413,0.0
150,nsclc_mono,-7.137588306546416,399.7409220973508,287.7479538620152,67.17337789692768,4.0,25.333333333333332,1.2757730050754088,0.03424885043151093,0.19619431648731003,0.0008928081479664344,0.004191346408774525,36.540713632023454,0.005178770301419977,9.99123830862401,1.543840591037724,3.93639238225021e-05,0.0
151,nsclc_mono,-99.88037007612006,-99.88037007612006,-95.03308257457738,42.80383796776042,180.0,,0.6258740331698083,0.037519609229360935,0.06982561594895367,0.00022076170412481218,0.0073249547024706665,41.37062872009834,0.0025339574100682236,2.1406973624553745,0.3699153906800709,9.31984382941206e-06,0.0
152,nsclc_mono,-7.9513593655824994,0.6205253812701761,-6.735667804888578,50.16117742668818,33.0,,1.1769713358778064,0.021561032329671586,0.18581855098619832,0.0007329751772124955,0.002436120316325953,25.330115172343913,0.00306608056087085,6.263983007447831,0.4392080211355345,0.3336937445956309,0.0
153,nsclc_mono,-29.27228053441693,-29.27228053441693,-16.069428343259762,61.64964441484882,180.0,,0.21625311361860994,0.02778956056700551,0.1185192614135997,0.00026224907345228726,0.002286506104091971,40.36481868675,0.0031209074862154937,4.6219140004813655,0.6647790781726722,0.5923776075629995,0.0
154,nsclc_mono,-86.87208795066597,-86.87208795066597,-61.67159971803902,47.51788372154018,180.0,,0.5497700132094344,0.02682657024545153,0.07358009163158004,0.0002998571500218779,0.003151960984877317,40.473622896763246,0.001351281561432396,2.9948667432009772,0.46721925662156977,0.26736979308921227,0.0
155,nsclc_mono,-97.12869480216312,-97.12869480216312,-74.90679114161235,57.98248944039652,180.0,,1.5236635012864457,0.02103671579435424,0.11328786073259184,0.0004564533862810177,0.005690070808901635,42.25906195012771,0.009393611600717408,2.2827135995690044,0.3490818147940186,0.0389103455725929,0.0
156,nsclc_mono,-9.85967650903662,119.5721648150967,20.597263344990722,50.773889623949906,10.0,46.333333333333336,0.8346501123847332,0.032941866040310144,0.13498690602295133,0.0005295040067664489,0.005149182690474359,40.88152139034925,0.005586219166546612,14.223365893780215,0.78932371165794,0.020919343761440546,0.0
157,nsclc_mono,-12.701122201008374,356.6155889449135,88.52193014643555,74.92630570448678,7.0,28.333333333333332,1.091165712676166,0.030766389266904132,0.10819388074660953,0.00022631543528114665,0.004260163270671537,24.500159849797626,0.0031887906443098524,5.090270584208783,2.1071472500905917,0.05519445792480684,0.0
158,nsclc_mono,-96.67353851031551,-96.67353851031551,-75.79982275017478,29.57630318605372,180.0,,0.5215264386960237,0.018262164794723798,0.16148597736367415,0.0004833937262737728,0.003497186736119673,27.667275231141943,0.003460764868018603,1.9623236151474754,0.3204002187452915,0.012455862744122866,0.0
159,nsclc_mono,-1.0293083036584605,112.43965465135561,21.698083070039043,69.44988060354333,9.0,59.0,1.5629378723249623,0.06759255130791575,0.09937953920580579,0.0008135176760537321,0.002064629706027714,25.078736890118016,0.0016822919085971407,5.139652531571288,0.573652551842028,0.3501299073190208,0.0
160,nsclc_mono,-77.93210282275221,-77.93210282275221,-44.337888363072906,37.93138699972137,180.0,,0.926710977947492,0.02719037277529788,0.2888199798219006,0.0004911592785550372,0.0030049436975753572,30.59357929503258,0.004130192855575566,3.9837695113743923,0.2943358976369836,0.446018551678753,0.0
161,nsclc_mono,-98.1809951587113,-98.1809951587113,-86.79598251697188,52.508236097418504,180.0,,1.4641302249798291,0.036021084119539575,0.15186069742844013,0.00028934627311302845,0.004914645987354555,37.15523968020519,0.0012507770284120804,1.8661765974145927,0.6886773223580008,0.1391382508253884,0.0
162,nsclc_mono,-18.45224619076513,47.90543614993632,-3.120767733608698,59.54381596797666,15.0,66.0,1.2651502074787577,0.027409581105852572,0.24282770143826973,0.00014533981391814612,0.003960524660228292,33.70064247012419,0.004295552995079203,4.3166543947541856,1.1334356419207434,0.1130009751172529,0.0
163,nsclc_mono,-67.96944124595674,-67.96944124595674,-45.377258477558925,56.59303232541458,180.0,,1.6663935551392353,0.030579140693804407,0.1486815688864303,0.000639818568491005,0.0027528575329560274,41.480252921479185,0.004409644319654605,1.2498089401239594,0.5872714029811429,0.04614529251494824,0.0
164,nsclc_mono,-83.13871895400278,-83.13871895400278,-51.95086157749166,58.85006804179548,180.0,,2.4163981251606668,0.03961633148354257,0.1656256806704187,0.00046193719695460464,0.0037217761742060233,55.285368195204384,0.00747353393937192,2.8306653749704394,0.26144976821552046,0.009696552922655938,0.0
165,nsclc_mono,-77.70190902473817,-77.70190902473817,-45.31959117932421,55.23948274584822,180.0,,0.5742812516329613,0.017665677196514757,0.10659533267235982,0.0004255319055102626,0.003087524374532173,24.840187208189462,0.010396918089274608,2.056000945455237,0.527607634345922,0.1874237512431293,0.0
166,nsclc_mono,-10.88636690572249,109.9902565815774,14.586514048076538,53.6922125113638,13.0,52.0,0.9132083422365893,0.022427010937213002,0.11947519596298545,0.000369759109426032,0.0025026651862687654,36.82980781944665,0.005086648957990504,5.047845720717049,0.8671770362571635,0.013404157483111035,0.0
167,nsclc_mono,-12.918797709351981,-1.5838596425688967,-10.625561096754254,57.25373126656024,26.0,,1.2182274620016147,0.04160810911831086,0.22374177296194012,0.00023217378480905793,0.0030731924300954646,23.631499448548944,0.005386243293982976,5.69498396253191,0.817841224112611,0.11685373699094329,0.0
168,nsclc_mono,-68.19729895491045,-68.19729895491045,-61.94005730978148,54.73471176510453,180.0,,1.3266385435101296,0.016505114792870614,0.13893873930825007,0.0003482715018701235,0.004836021851707514,41.128974365602254,0.001880817984682075,2.848868296147093,0.8537272302625064,0.16251187778575452,0.0
169,nsclc_mono,-38.091499308077495,119.92465525259294,-9.930538389268284,66.9562740522641,18.0,42.0,1.4963757954484567,0.02343142450423886,0.08994168923504497,0.00036637973596734296,0.005551648762798861,35.86073393281638,0.004501807374220877,1.8925052572389451,0.980483794224895,0.00026504455424846654,0.0
170,nsclc_mono,-2.2517520889087983,399.99999999726805,399.0307093167237,104.87032374357004,2.0,23.333333333333332,1.706864430871241,0.025075301841292086,0.09786951897904579,0.0005965745857193991,0.0029672446998563707,25.8726243106993,0.0036718282160203273,3.927599835198987,3.4760627723902484,0.06634510755545693,0.0
171,nsclc_mono,-7.733113570115268,272.34175460996084,57.542628679264936,58.21849655137267,9.0,31.666666666666668,1.0277724297396065,0.02841870009281634,0.11049101504417808,0.0004009459159335288,0.002592537074500315,63.363442922595155,0.0038369661868319326,6.16084018048686,1.1902839485496395,0.06859807647037444,0.0
172,nsclc_mono,-97.81589801122502,-97.81589801122502,-82.85621686524694,28.460283993523916,180.0,,0.38259053354467243,0.021239722813233764,0.13633821666565363,0.0006298593322841411,0.008956678274428897,36.79084780655905,0.00328784447469096,5.9667536186086565,0.3442070637893109,0.02449654290174137,0.0
173,nsclc_mono,-25.390666307287503,256.3435663108948,39.7978661364913,70.91340872964493,9.0,30.333333333333332,1.6192437425119284,0.01802967372764672,0.16614036351177594,0.00039223318883456585,0.005463270063698239,32.96356421135617,0.005892687316096089,1.7155357796063195,1.2264633943227479,0.028523836035221743,0.0
174,nsclc_mono,-89.59973254809537,-89.59973254809537,-82.32021280045088,38.15355099137586,180.0,,0.6747299334930951,0.02315125229282665,0.13165486604838483,0.0005517303268935649,0.006245074135735154,44.850776083113225,0.0020779040986914667,2.3537041435229216,0.8139218760042186,0.03867663044362487,0.0
175,nsclc_mono,-47.42390874207412,-41.90161645518033,-46.75420183318322,39.499665484366034,83.0,,0.9730221110306579,0.028671420404219192,0.1714000236620574,0.000759259740566552,0.002782204083480057,30.323153575575486,0.001308389942947942,3.820376263205772,0.6706041628819012,0.05234366890901978,0.0
176,nsclc_mono,-4.440924457733386,14.350025405651534,-0.7270064548640987,62.04391999899044,21.0,,2.1104084899719155,0.01711718686183806,0.1480203622195875,0.00037844571662486794,0.0009448213503997085,44.26373008064762,0.0030421594037439567,2.6379674337570114,0.5360170238768395,0.2143825791537303,0.0
177,nsclc_mono,-93.53300015319684,-93.53300015319684,-65.85491367648135,35.292308022738894,180.0,,0.6372311426371169,0.02549994631932084,0.19280767636425075,0.0007878761023647225,0.0049697535935423415,33.31273942650482,0.005643677488488199,3.5498928821363878,0.2877700546672102,0.25147384341374535,0.0
178,nsclc_mono,-2.2995974682239573,324.75856568756666,83.19366686885718,86.27353405609529,5.0,27.333333333333332,1.2382815937831335,0.024036118685127696,0.16075253518939372,0.0003076831173212444,0.002181554339831247,29.588472097965465,0.0024877739644630086,2.55609043369439,1.6447526202198743,0.32044129771528684,0.0
179,nsclc_mono,-85.33307681188094,-85.33307681188094,-64.54841250274895,34.56456355960254,180.0,,0.4256398792439977,0.030342313502541827,0.12088347462373378,0.0006948451533019826,0.00804490690937017,56.16390430984774,0.0033878557441767852,6.792963255681789,0.5110262110555968,0.0756650268102195,0.0
180,nsclc_mono,-26.42507935710907,-26.42507935710907,-21.388150561198415,50.838591433673884,180.0,,1.1099789347196074,0.019243071940751134,0.1169153999915256,0.0003408790127940577,0.0046683144184060795,37.35285484989653,0.0035751976888631206,11.213878375912456,0.563926195712498,0.09733201753880873,0.0
181,nsclc_mono,-92.40619761053792,-92.40619761053792,-72.36870505891275,42.577243468391075,180.0,,0.7501833089126699,0.033373282828698364,0.12570803544018688,0.0005029054574836996,0.004542045482509265,36.60753415643416,0.003754057663490526,1.8388974487474483,0.6214965956049753,0.010966690415314442,0.0
182,nsclc_mono,-6.4178499844791626,35.8153165353406,3.071405794143045,74.67189472144757,16.0,97.33333333333333,2.7964478210867214,0.016966907125808336,0.09474217484122059,0.0005056885404599062,0.0013564720335564253,26.961282129925767,0.00364269174025397,2.140266757566321,0.5064100584364833,0.010353960554641266,0.0
183,nsclc_mono,-15.122744649321628,280.09828827430374,52.94301807589341,59.58181503367277,12.0,33.333333333333336,1.4264760979861628,0.04091820913652899,0.30431952231137627,0.000623324044435333,0.003395238507153375,45.73368529161731,0.005046137662772616,2.2369559798729806,1.0228642228676998,0.15469226801751415,0.0
184,nsclc_mono,-36.4098717476503,-36.4098717476503,-22.959680885464053,69.5450811648251,180.0,,2.184288242883385,0.022149838868994236,0.1203528615435762,0.0008649924944569751,0.0028014815202548745,22.30166198374882,0.007504388492895219,1.6639856128289752,0.4439930438176756,0.05121200277210624,0.0
185,nsclc_mono,-96.90933593159302,-96.90933593159302,-73.88498717430211,52.38708708969943,180.0,,1.855507428135687,0.017974899433611264,0.2708601968796207,0.00034370654850517514,0.003217863263822231,28.848976029291745,0.002996240924564755,1.3190671823242146,0.37614159084309784,0.37619383900977627,0.0
186,nsclc_mono,-81.71653321478529,-81.71653321478529,-53.8660352720463,37.85714784565983,180.0,,1.29923545332428,0.02065308011486014,0.17851182570847346,0.00036269692534405753,0.0015700071550429388,52.749852117360035,0.002175551744341844,1.0399290146887954,0.4516753387339562,0.009497832991511043,0.0
187,nsclc_mono,-82.59248431847432,-82.59248431847432,-56.251037295776804,43.17818332783687,180.0,,0.9153587161814853,0.018111943583027465,0.17453727673038041,0.00031025046815766604,0.005883922424639913,30.16247716426191,0.0024228935274218572,7.1569949711643,0.4983483520004673,0.21160645508348208,0.0
188,nsclc_mono,-56.63422208768569,-56.63422208768569,-40.38431171058993,26.1474298908562,180.0,,0.5391006364070821,0.03193853267134108,0.21416433522443568,0.0004882904113678154,0.0033293146507044225,53.967973791636055,0.0021475702332340394,7.453923739329648,0.4871588058176921,0.04860006821079229,0.0
189,nsclc_mono,-52.88088014641148,-52.88088014641148,-47.84946313772798,47.41412571382352,180.0,,0.650950859959956,0.02074228567114201,0.09263772953427689,0.0008280271433421296,0.003526070014866091,29.497743490190498,0.001508795058043044,3.473288130519906,0.5964603728849133,0.1959366732174036,0.0
190,nsclc_mono,-71.75342991939446,-71.75342991939446,-59.491332757367175,39.592470347267394,180.0,,0.515281063211094,0.025866420968201416,0.086458205293045,0.000379727299614452,0.003266218827574468,26.463827535158654,0.0018144336931746026,3.3281517568116348,0.6712579407330422,0.008440845881653317,0.0
191,nsclc_mono,-92.059319227689,-92.059319227689,-66.16488966077351,28.006666367938806,180.0,,0.47785875525916666,0.032752447830639964,0.16285281925900205,0.00024217110389049225,0.006758517581614524,19.89696145564096,0.0019030680648539995,9.159827376067142,0.11640989299941737,0.2397638150840927,0.0
192,nsclc_mono,-91.88707770505182,-91.88707770505182,-64.51977284593602,40.347139707534765,180.0,,0.997065811143333,0.04467275512007565,0.1820532716293259,0.0004191958761915539,0.0033518652556634608,37.023265722546746,0.005248513580868667,2.173471837529204,0.376599129797547,0.001069489520670662,0.0
193,nsclc_mono,-16.736285950007545,342.6353177190337,59.29495424020974,62.55717355758137,14.0,35.333333333333336,1.075938517360779,0.02329287662740468,0.12531333954145799,0.0005617902769530531,0.003417068270473555,37.649646684194416,0.0021329963766738413,3.38054656863851,1.3279295518090504,0.1566911320335258,0.0
194,nsclc_mono,-81.11891323010887,-81.11891323010887,-48.34188195903106,85.21012440653757,180.0,,4.24169820088463,0.028807467387990556,0.10487989827142025,0.000650905846679846,0.0032720200259962954,37.449116444868196,0.01447319230439933,0.712032790380928,0.3163409239046708,0.00119376352634503,0.0
195,nsclc_mono,-99.99995194031982,-99.99995194031982,-99.84523438362916,70.9428856298361,180.0,,3.0647083443023346,0.026157384138266557,0.1271883652214564,0.00044101168997861927,0.012064243659416834,27.56364570097207,0.0006114335533543069,1.8315417968555454,0.28099323110783603,0.04120339575863924,0.0
196,nsclc_mono,-99.3848413630514,-99.3848413630514,-92.37319468911416,46.23667115579476,180.0,,1.0347056711305287,0.013348769645855506,0.09237924388398051,0.0003388629920854809,0.009133758813541587,48.43739419754163,0.0015329282304829123,4.065663969975156,0.5181375718407688,0.10014116302726585,0.0
197,nsclc_mono,-73.781072136716,29.83824395520096,-72.30779458249727,31.443936599772236,52.0,75.33333333333333,0.5604306714348345,0.022554507900236862,0.17395103024887326,0.0004678044985068576,0.004000322455273983,32.81501167331945,0.0008420933741057753,2.6107615833203552,1.4543452254068558,0.014269745497061587,0.0
198,nsclc_mono,-35.186479850052464,110.43879678959847,-16.571078429612818,31.040331860093012,25.0,55.0,0.4657108601797698,0.023962543643184717,0.2550319089350543,0.0002706595976755344,0.003577412894909121,31.622316446840077,0.001782243068669728,5.714888355626343,1.3813385909477807,0.006008084657773745,0.0
199,nsclc_mono,-45.51446073754805,-45.51446073754805,-25.74854367113969,35.48919552267221,180.0,,1.1207926900540324,0.023193317128770246,0.2476138835448221,0.0003165529098055683,0.0017242567519382699,29.426278575466196,0.0026214793439089416,5.86140529063129,0.3035111782986779,0.08968774366698723,0.0
200,nsclc_mono,-90.12672432692636,-90.12672432692636,-65.87275524784518,46.63982893402931,180.0,,0.8631623530552283,0.024995436370824967,0.17917197416098282,0.0005253153737310596,0.002733485338571835,38.770463108416756,0.001412324995481507,1.4458858329915392,0.5923690485903952,0.3368000601931621,0.0
1,crc_mono,-11.801407894209493,-9.964027906528605,-11.6413895284743,69.00473201979925,48.0,,2.510348067116362,0.04863394138414632,0.16848172839399783,0.0005834207559240635,0.0042007721296023065,25.280309516333325,0.0035963017648363094,7.572907281407724,0.42821987265561295,0.2603588333965833,0.0
2,crc_mono,-2.938648703344915,323.37311103490765,107.81552083655956,87.89283109692977,3.0,24.333333333333332,4.019895190998278,0.021861165841084645,0.19581479901831483,0.0009260211980313759,0.0038113673141264895,34.91754047203447,0.007938969113337996,3.16206900276127,0.8935469863719888,0.23047107251553228,0.0
3,crc_mono,-7.952154898983066,330.8198088490013,84.88513884085023,80.53506646242504,8.0,29.333333333333332,2.2137147257120793,0.02975270028584174,0.1405996321878296,0.0005359766733894232,0.0024028183535637227,35.79630389163442,0.004089709853025139,0.9581700551732802,1.1799138322555702,0.22310301430272098,0.0
4,crc_mono,0.0,328.5598995766529,145.10771286407893,75.86817684214579,0.0,21.333333333333332,1.924915673472194,0.03681028666758284,0.23052672262720933,0.0014448146978121802,0.0023254405878628827,31.038057398453056,0.013632667365603956,5.62636408380189,0.7437791261698423,0.19003938345884466,0.0
5,crc_mono,-5.095002798238168,252.2787750381402,53.41626661810761,87.55858114157378,9.0,34.666666666666664,2.2708054415120467,0.017243431665680077,0.12275301389720351,0.0005737152477345991,0.006626427042692365,36.4087188070543,0.003988572470619902,3.526165985216878,0.9295638321220747,0.567405378350434,0.0
6,crc_mono,-34.94853502897901,-34.94853502897901,-22.059790263104617,72.3630425341127,180.0,,2.753113243912881,0.023737806153435192,0.1322671526987584,0.0005223637190203414,0.0035612766165172846,25.79324404611442,0.0033078880084101803,4.756843525050164,0.3850197600822979,0.2801835770567644,0.0
7,crc_mono,-14.718609511513137,243.18772012827634,34.71730604974499,87.441872552957,12.0,39.0,6.009610139839045,0.02179414686586946,0.17213713563952213,0.0007589055309056658,0.0048822439766971525,21.319541080840775,0.0029110098275724177,4.343409830020866,0.9176393390573888,0.012004041354354395,0.0
8,crc_mono,-26.302891148694062,-26.302891148694062,-25.0556093057006,32.10965854958479,180.0,,1.0278862710709593,0.014849760501419017,0.2679779968811176,0.0011961977416867224,0.00198770863771792,70.25610402248401,0.00421838830771106,1.47206281136747,0.5522090109073464,0.017114106833065426,0.0
9,crc_mono,-13.900335682074584,108.3916770599223,13.01728297678848,63.47146901108075,14.0,50.0,2.024059387923813,0.02304309518821187,0.18338644715367464,0.0007768688067625493,0.00702124497838951,36.118025123717516,0.0040181759118642435,10.348609994647374,0.7602901259477568,0.12422669425243171,0.0
10,crc_mono,0.0,385.9453248142498,315.7300596314409,79.88098264946059,0.0,21.333333333333332,1.7690017524346846,0.031844954791691624,0.12447159073973871,0.0024711643301062536,0.005069047265220839,48.06281328505769,0.006935605432263877,2.8854135499020352,0.8607715401266359,0.3992892026038143,0.0
11,crc_mono,-15.505950415860791,399.9998283292525,364.499054298304,86.7269943115878,6.0,27.333333333333332,3.9051015904432513,0.03653794428105566,0.184922889867035,0.0007651943381675678,0.004396005331461516,34.58445985210388,0.0026080887400817617,1.763355241653493,2.4866508031737697,1.6066710300231515e-06,0.0
12,crc_mono,-4.738454238975143,240.4953717109567,66.57803027401692,89.44812453569584,6.0,27.333333333333332,4.604437655661621,0.014426222088990316,0.25827945431108995,0.0007884304554704915,0.005310138855882318,42.57527820149735,0.0072509357189910455,2.3924460922303514,0.9066538358692646,0.44645393261455174,0.0
13,crc_mono,-42.79554441993925,-42.79554441993925,-32.18070940395854,65.00765130263129,180.0,,2.445644332575335,0.025707910253520424,0.14603547665139147,0.0003897924687317455,0.0024604749699255876,38.55680580086254,0.0027794433121002037,2.911422374088527,0.572610873794939,0.024208257820818892,0.0
14,crc_mono,-2.982875578506272,399.9767122199156,340.80494241966096,96.77797837509725,3.0,24.333333333333332,2.7009942450284052,0.02956630929216101,0.16325402148844786,0.0009237664138333896,0.005412756054169392,45.22565127816297,0.003875438599709128,1.5417888123830676,1.7270162434450285,0.30369390470823926,0.0
15,crc_mono,-2.482247443186436,385.5358911537552,113.89110195113813,93.54262599388058,5.0,28.666666666666668,8.236091447525515,0.022865395197373933,0.17295164163390495,0.0009357878628638011,0.0026988936811241835,28.944256719025784,0.001736395164666119,1.146535029725969,1.245036254248731,0.15287278614887703,0.0
16,crc_mono,-3.6602679302353835,271.95738373245337,64.37649677579648,82.56311290771319,6.0,31.333333333333332,5.010383276688262,0.03231925788539448,0.2075003148764718,0.0007288135324382694,0.0017046414831438296,25.567822188139456,0.0037445047921883193,2.5353288211779685,0.9125585829978953,0.0005617639236077989,0.0
17,crc_mono,-15.61288200098967,39.8138399518493,-6.125919715215023,85.52206883342694,20.0,85.0,5.299239562139037,0.02668133045537665,0.08897294909618363,0.0006632329490996443,0.004606205451075563,35.251348473127614,0.0017259945645519109,8.219643916881004,0.2152776604715706,0.013676798095080616,0.0
18,crc_mono,-13.109226483200997,378.53646141997245,98.44374948962317,84.16114068946332,10.0,31.333333333333332,4.131699579148763,0.03358533216981285,0.1412202155940583,0.000696968220281142,0.003426189902251616,46.774653121425075,0.002517391075347654,2.7683819861945334,1.320574753467219,0.034216606069838604,0.0
19,crc_mono,-91.68165656761768,-91.68165656761768,-67.36086913640162,70.22995641338503,180.0,,3.1204995426322255,0.025381142971351033,0.18706228356111482,0.0009486760241807354,0.006953357538557228,43.60892801427969,0.002838019998309884,2.70007661057568,0.4155673255289078,0.3800970968658745,0.0
20,crc_mono,-47.641601948598435,-34.91048952820483,-47.38332286390353,91.36561238696737,69.0,165.33333333333334,6.879399891110517,0.022359448553767817,0.08876305871558528,0.0005697888599267633,0.005992434645262053,29.87444022231094,0.0011572434956933883,2.8789368985900516,0.6787485822165342,0.02253248794596902,0.0
21,crc_mono,-23.448171724961387,18.093623338333842,-17.425189578542067,56.175484226425056,27.0,97.0,1.233929661396494,0.024726393394319462,0.08449312575816376,0.000556952191887168,0.00415524605115605,33.819320581971574,0.0028489059787944106,7.926583261756555,0.6232294522632443,0.007335954125958689,0.0
22,crc_mono,-33.19668679995594,-33.19668679995594,-30.48124504983698,75.37257851150562,180.0,,3.4193160365378072,0.022985195572882373,0.15563940044590271,0.000917797517275305,0.0069105045416187364,49.50350276903059,0.004339586861491156,3.9013334036345757,0.5605746104241313,0.16156361447254045,0.0
23,crc_mono,-2.2475656800084343,393.0974905716479,165.1644025004549,95.67389369258743,3.0,24.333333333333332,6.775737948125089,0.02134140817085011,0.08235184799306175,0.000651182384277741,0.006434485245792018,28.28672082734391,0.0028084184497547578,6.564471446877821,1.433555773126032,0.1715602823089147,0.0
24,crc_mono,-15.985477840842755,330.4177253442969,89.19478164694871,96.61510617254852,5.0,26.333333333333332,4.909153233147842,0.02425148103746546,0.0969386206543831,0.0006374304744134221,0.010440053932915406,40.96406690428509,0.010935208067342697,2.042206300456011,0.9853608469141519,0.05008099069166249,0.0
25,crc_mono,-95.17189553500714,-95.17189553500714,-77.9894944481643,43.00303453291116,180.0,,1.299263972441158,0.01357402695868559,0.19916373402210688,0.00041418893722185076,0.005839453370461741,33.970970483079185,0.0021848707843175443,3.6521370972322265,0.5555268193286291,0.07253237139211725,0.0
26,crc_mono,-66.73483568260117,-61.444680705443176,-66.49070495338103,52.79318727385531,74.0,,1.624018239655073,0.019388751486127665,0.1699693072545091,0.0006802125043538658,0.00457598835328104,27.92117075195684,0.0020391517429868998,1.9393781370832932,0.835047180952199,0.007904708256530966,0.0
27,crc_mono,-63.64630641490331,-63.64630641490331,-54.96360226664335,57.85647975440573,180.0,,0.820758068230575,0.029150381411811793,0.11459610554052489,0.000804547874663325,0.006181046375733209,40.26668261984024,0.006223428216441786,1.0808845935164093,0.7713748042241827,0.12749971921254744,0.0
28,crc_mono,-95.84007497756288,-95.84007497756288,-76.69794233739296,55.14313819104999,180.0,,2.1214072361235385,0.024811777306651787,0.2016013636439076,0.0003521984829678364,0.004925589108234314,23.091024405310737,0.0023758323433029902,3.274390885624225,0.2970257997528166,0.015350122643299505,0.0
29,crc_mono,-8.798292893079296,-2.3866464092773376,-8.432970348198676,63.311927568959526,46.0,,2.4183004971157103,0.02444442109928029,0.24987365056222166,0.000656647082666411,0.001857113385776267,32.23497104964176,0.0019782403301171997,3.397721527996926,0.4999703041423194,0.43600802613030737,0.0
30,crc_mono,-9.501688431795586,231.92054088153475,33.90335340653046,71.31454496035988,15.0,42.666666666666664,1.951681682379955,0.025578760492453383,0.13850515480761555,0.0004615137145399374,0.0023659987151876563,36.204139306875135,0.00229598659216456,3.0876268586257383,1.1110660064530298,0.2037468018527977,0.0
31,crc_mono,-0.8755654793795031,241.09387710081057,67.52100934460002,103.53510804932857,2.0,25.0,5.558809192870436,0.0183153732687787,0.12862001035288328,0.0002602612633163518,0.004361997298201705,38.494882222011526,0.008373625822219531,4.486074219333513,1.3037159616313072,0.3698142193059719,0.0
32,crc_mono,-83.18889867655722,-83.18889867655722,-54.51157858083817,85.6244726344695,180.0,,5.217693417459923,0.022608591469713574,0.19326052038342004,0.0008183683200368658,0.004474780769681435,45.411504786152946,0.006716763009791962,0.7853025626909594,0.5302225389099082,0.12510592979172752,0.0
33,crc_mono,-89.22647874061558,-89.22647874061558,-59.66465923879345,70.08049754269112,180.0,,2.2613347025744526,0.025195670552200497,0.10160156687228505,0.00043894068775622753,0.004140323022165423,44.507389249526014,0.00826070677799058,1.7373960338424599,0.39998645890472645,0.03533954790462138,0.0
34,crc_mono,-1.6514137246102956,399.83262294243633,306.3601475791618,105.67213005383245,2.0,23.333333333333332,1.910194613842406,0.029012126356858514,0.14531041317175583,0.0004836801795776016,0.0037743267059461806,31.96982437224065,0.004664998929961409,1.4960485220112574,2.164038510558086,0.23531367277205678,0.0
35,crc_mono,0.0,261.6454326427212,76.0288374462844,103.14562745620337,0.0,23.0,5.488584191155716,0.01763537301410217,0.13962248687560955,0.00029161885019084286,0.0044917936522193445,24.283010726582237,0.007713378271074674,6.1143826432738395,1.2908196790104456,0.4606525714598526,0.0
36,crc_mono,0.0,168.78147843524403,46.34305522968649,87.28397361391174,0.0,35.333333333333336,5.708992486162126,0.030319723914172838,0.21060036883078745,0.0010511538429033012,0.0039263655275657535,31.467807800521776,0.0011638256076436661,5.497883657027041,0.6522821837385334,0.5127363502258824,0.0
37,crc_mono,-0.08396681249135396,332.7746082981026,126.91258924550782,98.55746193994268,1.0,22.333333333333332,9.806341707097289,0.020306964478482927,0.12983972947942005,0.0009817302693000138,0.002573154650991305,29.701505085176947,0.007050691494994971,9.55052927244042,0.6343831251339745,0.07016466382646946,0.0
38,crc_mono,-96.90514776095279,-96.90514776095279,-91.92047723171144,52.506431063418304,180.0,,1.4202981633906402,0.029925065443277072,0.11785589754542695,0.0005219964930895354,0.01218147268421291,31.827223604670436,0.0013918806034606105,6.762691879601845,0.736444449554279,0.004358427169550013,0.0
39,crc_mono,-81.36448838338929,-81.36448838338929,-50.67993408049977,39.664094259816714,180.0,,0.9753708953291615,0.037175015800887376,0.22181468989071987,0.0009021798438542748,0.002844313308137738,39.27145331098975,0.0036937811744786396,2.313076296666007,0.33003404356407307,0.3114027963683705,0.0
40,crc_mono,-22.10586066315279,-0.17731785016282808,-18.89167029481895,72.25183992156086,31.0,140.66666666666666,2.6170294120247455,0.01734212412251308,0.11802349862152982,0.0005803720124266321,0.004078977293857364,35.244804153388515,0.0032475023092492995,4.215292740361271,0.6382735800804481,0.08489850557627764,0.0
41,crc_mono,-2.0618976422621893,399.9745819147825,325.7524000893307,91.9007509627376,2.0,23.333333333333332,4.291487993475745,0.027580573207748076,0.12320461844801667,0.0007951062955632723,0.0019421250764642209,32.78290805086083,0.0034849496365210223,1.636967871242519,1.8823816126929607,0.06234183535312904,0.0
42,crc_mono,-2.8971439827814027,388.1357633700208,175.72764036424226,95.69351357431248,2.0,23.333333333333332,6.523016133171515,0.016415238527339927,0.13543511976416095,0.0008120692695848778,0.003238836125571803,33.515519666875036,0.006859795769282179,1.4056187590260327,1.1438612046332366,0.13052254226614043,0.0
43,crc_mono,-0.0024592527998468228,399.75210627745224,291.97289068543563,99.28535809546032,2.0,23.333333333333332,4.0540499664486775,0.02711238559568581,0.13995678065177114,0.0008549378028460349,0.00842086032990995,41.7996910532803,0.0031464325960017772,4.598441659628352,1.5982673441551238,0.3841274870733308,0.0
44,crc_mono,-34.66259130347271,-34.66259130347271,-23.83648897630578,86.13482827818272,180.0,,4.683630182743382,0.020889179737762394,0.07563522066556695,0.0006270186871516322,0.0031207646571639355,34.7317989914173,0.004824738231889794,1.1168888520598206,0.3957848121886095,0.030662090046591976,0.0
45,crc_mono,-9.171469296870061,68.85210794805093,5.559782276578074,88.17509429214977,15.0,71.0,5.358676259474856,0.0273559651704293,0.07268285465738818,0.0004550622064331423,0.002903424584647843,41.6985537663213,0.002224303266102221,4.701650475374726,0.5807135468532992,0.018490527444775518,0.0
46,crc_mono,0.0,168.6275575930272,48.77765558879077,81.62066737162941,0.0,31.0,3.054487700733191,0.03013140010870738,0.10989200572523002,0.0007185532569882241,0.0016407027644803427,26.738169610060908,0.0022652568007194658,7.343896382005024,0.5237907236425858,0.5442224365836044,0.0
47,crc_mono,-99.95146762016984,-99.95146762016984,-95.05238150428967,49.4961112230558,180.0,,0.9307189821541864,0.028585737703617414,0.10385645533245524,0.0009450202485130064,0.00871330525890675,22.69477636554009,0.0027224441888679405,2.0252462165088443,0.2422274524077872,0.358616331037295,0.0
48,crc_mono,-31.65775032150514,-11.727290967810244,-31.325147460258474,91.7553925706,72.0,158.33333333333334,7.419121793774714,0.033894005009417284,0.13750769107185054,0.00029985369501222864,0.002622939640424532,27.844777568587013,0.0007512481129834611,1.792728911169049,1.0497843887713567,0.09801498688475031,0.0
49,crc_mono,-8.794151406144701,75.29380143205529,11.333385569660193,75.20717990136846,13.0,60.0,2.8074445224786,0.022032696276135945,0.15629538622744737,0.0006661587574467699,0.004035180996572256,33.19066429363548,0.004375302013477648,4.990617373054977,0.7076303763568711,0.19483694419157052,0.0
50,crc_mono,-17.2478077907253,399.9996063326086,289.39470308778874,90.8867916220002,9.0,30.333333333333332,5.864372369207389,0.015078428992328946,0.14291634402418504,0.0007438406597534815,0.004645745719416227,59.5556948085027,0.0012614138306327027,3.6304418444752367,2.8836467479644523,8.946850716784572e-05,0.0
51,crc_mono,-5.213245570210823,82.310800581311,16.29948743940963,55.16291294708484,12.0,59.0,1.453611458022738,0.022809826595481666,0.11253060054507143,0.0013496648112574048,0.0014614714685323286,38.39355609478952,0.0034970452285855605,1.6867008755635726,0.40668914786510707,0.13227237995747063,0.0
52,crc_mono,-51.90337140723851,-51.90337140723851,-34.395037832838604,56.38225022322308,180.0,,1.7518937764197897,0.019659273415438754,0.1913377543335451,0.0009541201977450959,0.005760432206491411,34.40882724814924,0.006310175508282126,4.816450415684776,0.4871248912493986,0.08016974015912968,0.0
53,crc_mono,-3.6670808613337713,57.03728899437106,13.483399100024451,70.33661718556186,9.0,69.33333333333333,2.3967899799130263,0.01956815584540104,0.18091297965650432,0.0006604428555426125,0.0022341939314711287,44.678021190571656,0.006051467359773577,3.071130748959554,0.6421947772739788,0.31070069382683546,0.0
54,crc_mono,-22.664439213843004,399.95367129275724,241.8182059940909,89.27265337113008,9.0,30.333333333333332,4.182443948612925,0.03553861068067896,0.11285073776479967,0.0008320094395359577,0.007432128175823402,34.702257563804,0.0018181130775929073,2.198830078375719,2.0055068757819505,0.09043368296386031,0.0
55,crc_mono,-11.156702167462173,358.30000790529743,72.29225570399191,56.385225066743004,12.0,34.0,2.0333892032633836,0.02692454072846319,0.2177717312013621,0.0007696706976184139,0.0017656751545810998,39.45021163879021,0.0022412774517089995,3.011308135592328,1.2013719967345344,0.0026190007284022797,0.0
56,crc_mono,-19.71888801731785,240.8474587002738,42.019811513350234,78.17985973776354,12.0,33.333333333333336,2.363776457415835,0.02568384507889493,0.16437987411356816,0.00086600044845509,0.0053432411904215165,39.49586558357598,0.006127354052431915,1.260086709208337,0.8926599428259845,0.26305751184074994,0.0
57,crc_mono,-99.10532835893144,-99.10532835893144,-88.44931239613236,42.24807840761912,180.0,,1.199884625957436,0.021434302990647282,0.1150320532156524,0.000863285014684726,0.005188315729155304,59.674976376798774,0.002403870809362118,1.3715223623012074,0.4172014514891292,0.0302527184207356,0.0
58,crc_mono,-0.09922531664906531,68.1081469528963,20.31649217194453,88.45778440816056,2.0,62.333333333333336,4.792462775586752,0.04307736340646479,0.06301695762818955,0.00040045609115008074,0.002201423383627963,32.02672015183075,0.004564707966396341,6.972627558348847,0.228171436492676,0.39360887116462884,0.0
59,crc_mono,-7.995011844083921,31.155082857798575,2.3058843145145724,89.040273894183,12.0,97.0,5.628991422044765,0.034970048529469895,0.10745408746337967,0.0004222285813508664,0.0033764171566894874,51.73211308593301,0.004946947197875099,5.308091175401417,0.4564557156349679,0.0055637003691955235,0.0
60,crc_mono,-18.097428470723777,-12.284856739617068,-16.499948665583585,87.18387096288399,22.0,,3.5594977633568554,0.026744168936772283,0.14702815558321744,0.00040877465763835234,0.009909418017498402,47.0529994287207,0.009126945006678171,4.281919733007759,0.7921366129431704,0.2563062747666412,0.0
61,crc_mono,0.0,398.6704436212062,249.8233661864233,89.87500737425144,0.0,21.333333333333332,5.06026597379738,0.02354345306911999,0.098607596504316,0.0016039949521100276,0.0036898905817983507,33.08956364116986,0.00326782141533782,8.502612693640227,0.9574251410885507,0.1835514088900866,0.0
62,crc_mono,-0.6951039923431379,335.90524364858095,110.71110119586156,88.10952251644657,2.0,23.333333333333332,4.7756280793856485,0.01593293746214528,0.13397335921826084,0.0010332759150326286,0.0032958378645274234,28.99996605609765,0.0033381648161075884,3.8087086418997362,0.8756240207560599,0.2952566670878993,0.0
63,crc_mono,-30.127022319965903,24.5927394116187,-15.343619445016465,69.5739361427295,17.0,61.333333333333336,2.5692423603685297,0.033303578401668824,0.23106347531272736,0.0015274281286900518,0.0075169617572267144,24.61326479681257,0.006469128916065165,2.5860000456290155,0.7044168674773733,0.05707474815373412,0.0
64,crc_mono,-99.5619513592574,-99.5619513592574,-94.38106038340631,76.2220441101153,180.0,,3.9836845985848375,0.020077501380149243,0.1515540382905199,0.0007470057718487457,0.007805724824090049,21.012374051120876,0.0012133172345657735,1.3374072097415293,0.6126800671658146,0.027443715425552632,0.0
65,crc_mono,-4.944519070726184,391.98285504516235,177.00605587038075,97.8281758688608,2.0,23.333333333333332,7.155874546222014,0.02763010300425553,0.1359744555485124,0.000642114544864372,0.0038593316299212702,53.566703655334024,0.004746608747312664,3.499515892177235,1.3976663068233819,0.042020364705938285,0.0
66,crc_mono,-20.452754548773513,-3.7934373852821057,-18.667113741174823,78.77491374734905,36.0,174.33333333333334,3.5887119111146775,0.026394245692446822,0.1236528704177865,0.00033650252317231306,0.0036380061464861245,28.494143933799243,0.0026789051165578555,5.196600099449483,0.6976676720844633,0.06004240077604778,0.0
67,crc_mono,0.0,383.4881678994042,174.90331083900927,97.63880082812886,0.0,21.333333333333332,2.371785049784701,0.0382383499418187,0.08028991279285978,0.0007522317873742687,0.003821661769335181,33.55654720916666,0.008073178050718851,4.866981816005732,1.051275830814415,0.4820279529031252,0.0
68,crc_mono,-1.6996142350537813,358.66495368985846,90.99433741612961,60.997175901454746,6.0,30.333333333333332,1.980955635513316,0.02226033291075686,0.32998271406132496,0.0009673893959634297,0.0020350853258146247,35.44257062929465,0.0020701819307486356,6.004058258716377,1.0643185915785487,0.2430923952517381,0.0
69,crc_mono,-87.75933668910984,-50.13358957746732,-87.7170363183918,77.83395130915598,64.0,103.0,2.319739131632502,0.027823468890730143,0.13158668234995882,0.0005401360391479438,0.014786717458265838,30.415433445435262,0.000820946408713624,3.451770007171316,1.2222825662078454,0.29086680688178834,0.0
70,crc_mono,-35.72634166535548,-33.033589242418884,-35.603263056144726,81.78420802307677,62.0,,4.3561219418471255,0.015507247194480739,0.11399231217876626,0.0007980026908276301,0.007230173365949154,33.886945835026594,0.0026913185665596424,4.875195427849466,0.4626606321846217,0.0816394270361837,0.0
71,crc_mono,-86.03962170814512,-86.03962170814512,-63.83058065200152,61.611675260759924,180.0,,1.7143550490287927,0.03223052493323725,0.11172445038761807,0.00034542850027663533,0.004698913678055974,49.16560339052822,0.0019574441664594383,2.8018480198681153,0.6139644690280606,0.24781422708918133,0.0
72,crc_mono,-2.8931303313897816,282.4709996333477,72.0108449900897,80.94096222557481,5.0,28.333333333333332,3.661772884045116,0.02017906336802775,0.36835540855430965,0.000600860415012228,0.007847360357962224,37.920276936646935,0.004881222506604233,12.410464377658402,1.0172120566880152,0.3605323703395979,0.0
73,crc_mono,-21.1715214715992,8.033365809757909,-16.683444247508472,69.29525431420942,26.0,119.33333333333333,3.250790473896649,0.0282818129592952,0.20816590677126498,0.00037820542284289536,0.0068386599285539,17.234126610112654,0.002554844924434048,19.761972884582867,0.6821160429452018,0.0001551998330070129,0.0
74,crc_mono,-31.70078351247848,-31.70078351247848,-23.498901649005944,66.72371960209347,180.0,,3.3592576439406403,0.02114967035503443,0.18871626530879776,0.000731455696995373,0.0025462924197745575,51.100550539430046,0.003374443610279783,2.9460409132910783,0.30859310374522814,0.047676413077299064,0.0
75,crc_mono,-3.9780788968409864,55.623453820845945,12.668551321711096,80.2295483983112,8.0,70.66666666666667,3.8419321696292776,0.026290562539722225,0.1201245446755336,0.000563347985654127,0.0026445122762968416,26.06059038366659,0.005517657099385765,5.534425276088959,0.42261650248945287,0.07404153245974125,0.0
76,crc_mono,-77.94270347671866,-77.94270347671866,-54.82017808695121,51.902957863078534,180.0,,1.6996032456058032,0.014210670196661987,0.1645423121909876,0.0008520585514323154,0.004296507419467473,39.69554046804118,0.002031553526695451,3.590219106673451,0.39229376283095735,0.22079161514589749,0.0
77,crc_mono,-7.17849650684771,65.65777332204857,7.695604927526634,82.83117040702116,15.0,72.0,4.229026098343413,0.019963670370958423,0.13293862427792152,0.0004467385328088003,0.0026641824535290253,29.92398110676065,0.0029672278366934734,4.174196732535079,0.7332625439067343,0.1489331556115695,0.0
78,crc_mono,-4.389235231467669,91.03917155518555,19.09175039267501,87.35256071124999,7.0,55.333333333333336,5.813414049813044,0.0215110602839804,0.09566014867557408,0.00046591603282414203,0.0024870510271884512,34.92705504294113,0.002863590856637191,7.6996788000666525,0.4597348338539963,0.0006830362574827095,0.0
79,crc_mono,-6.702979832532774,399.99743733434156,366.08460086931524,93.47307053850795,3.0,24.333333333333332,3.1592758155590506,0.018601012104380577,0.2274298123430478,0.0006479932052058039,0.0034682682964466797,42.056436935614094,0.00483502952852075,3.131543725956225,2.301076519489269,0.025685010257025107,0.0
80,crc_mono,-11.018104161180664,30.766937790639524,0.9365277145013451,69.34452717166222,13.0,86.0,1.079597529333842,0.019277578183672876,0.08506265551968975,0.0006251106660030384,0.0028251558639927244,28.5676366567534,0.010012287280604633,1.5733078248991068,0.6926776813128226,0.09230464081708549,0.0
81,crc_mono,-58.48824772276738,-58.48824772276738,-34.238749358479524,71.47823433662154,180.0,,2.59481136015925,0.03853744208788709,0.11564016613337548,0.0008913653653704894,0.003864536452795025,35.57515172413878,0.006147520472005353,2.507377052750839,0.2672966915027745,0.18227439160971914,0.0
82,crc_mono,-1.1102230246251565e-14,399.9939490155861,348.7147148103372,98.61180089791476,0.0,21.333333333333332,2.2979227646394866,0.020192370508872966,0.09994909580673797,0.0012394312072751454,0.004115944027605936,34.32776029938979,0.0018408649819603726,4.23076574082222,1.6575732210711684,0.4180165578297426,0.0
83,crc_mono,-64.84835863323295,-64.84835863323295,-37.57301646470436,55.21614511649491,180.0,,2.0690861298050804,0.017864385651686753,0.1602422174684213,0.0004951058833042559,0.004749914616290823,43.291176787920044,0.004992132887172955,6.996715463935033,0.22909992723757977,0.11073712914245573,0.0
84,crc_mono,-0.039643100251574026,258.26077517591017,82.80845874206908,77.7257997359324,2.0,24.0,3.0270469912345837,0.01671470296908105,0.07926790894728925,0.0013893750268603915,0.0031007906439747116,28.15224213834265,0.002447246713050941,8.574633415571965,0.33403195283726195,0.19905903511025408,0.0
85,crc_mono,-33.87127145507364,143.97304055311358,-5.656585327126251,60.347375428765574,21.0,46.333333333333336,2.0636077392113163,0.0195097905874806,0.2820459386607013,0.0006133432287327197,0.0037407338221820395,38.20608993132496,0.004694400506449309,0.8733520636069347,0.9530059593225036,0.058333057981368154,0.0
86,crc_mono,-0.7293908132587457,250.12480412210016,72.46290161018341,90.97253444474131,2.0,23.333333333333332,2.76226375890358,0.030824019316224548,0.10311149671083648,0.0005519223408565036,0.0021105567156389456,35.13323263781952,0.012766411808674511,3.705385452890958,0.8419504137293712,0.21857516504826838,0.0
87,crc_mono,-27.395961079623156,0.23027896408829296,-26.664803682646586,72.1244765024109,49.0,133.66666666666666,2.2399581715221544,0.015305839463447646,0.06631343379452659,0.0008161837729009,0.00353488566648882,31.355846123716685,0.0010358265685436084,5.3633396497944155,0.42860011282971844,0.09584731225099082,0.0
88,crc_mono,-9.07831377493743,216.04373069981148,46.6356607408855,86.17519561068283,7.0,31.0,3.507651028859601,0.021659037168294894,0.1669720086987736,0.0004276780332292308,0.0035965228059271458,40.685326636016065,0.0072306395596298395,2.3074644251608483,1.000023442542509,0.10218606294428997,0.0
89,crc_mono,-96.71208868594768,-96.71208868594768,-80.89424005406305,57.4138704329174,180.0,,2.535848923382682,0.024205023777508255,0.1769486781655473,0.0007998981505354926,0.003936171308879529,50.27454950712347,0.0015990596900658889,1.1814420670346077,0.43648822576245494,0.04480369464858934,0.0
90,crc_mono,-8.442569926971565,383.0583917300853,117.60950624555208,78.78727874092333,7.0,28.333333333333332,2.1156293993578577,0.045917724485204314,0.15380109741965126,0.0004420636114893998,0.007116691584485775,46.42956969326883,0.0023183216989236064,11.439456114468685,1.736760885839282,0.1682313050943924,0.0
91,crc_mono,-13.455901231623535,397.7717100418065,200.46999146420936,80.08069366780404,7.0,28.333333333333332,3.0774157714659083,0.018963939450091595,0.1277821000595795,0.0009995028372500984,0.004403405664631755,21.881180378462858,0.004176038280384198,2.704007115814583,1.2608714685748328,0.00041560967742436514,0.0
92,crc_mono,-4.48348752630462,26.379328521242897,0.49511996826352433,76.07182962169358,22.0,129.33333333333334,3.3270725394049667,0.014695176840956664,0.15958983689756426,0.0005146639277347618,0.0018487322371430815,29.15328058425435,0.0017685189495519726,3.969646860083437,0.5450558792513113,0.3471356861108754,0.0
93,crc_mono,-39.76890915951079,-39.76890915951079,-36.56939191364425,56.75082403657478,180.0,,1.7957812574705858,0.02038941404399861,0.12618798176358506,0.0007569167459735219,0.0027117156957700258,32.1114411016373,0.00209861740852159,3.246544207848748,0.44586310964324505,0.00323989024923293,0.0
94,crc_mono,-52.71192297085234,-52.71192297085234,-40.39052188137674,73.43321566643438,180.0,,3.474432555022987,0.02432836884442639,0.15691550032911844,0.0005942628870269566,0.008180851650151219,38.838519691489374,0.003527599176784882,9.639385107123656,0.36538034351558735,0.0021612870929961043,0.0
95,crc_mono,-10.630168569409149,241.94411613911458,33.15444306335198,74.59707701556752,15.0,43.333333333333336,2.193791993516739,0.025936315910468327,0.20011476880978118,0.0007111068181683187,0.0057410479409367695,48.593696499519304,0.002580869387527447,4.531477320879558,0.9657566795658955,0.4243063865825384,0.0
96,crc_mono,-22.436079325940163,28.22323735970278,-18.3250080484207,70.50729465307764,36.0,98.66666666666667,3.4866072989840795,0.03888363396785849,0.19723982506484783,0.0005898347752007428,0.001899740727445261,43.782976740816764,0.0016601556576121934,2.0019159501516146,0.7802130263881136,0.001633428111924838,0.0
97,crc_mono,-64.51358920169814,-64.51358920169814,-45.612744394600014,70.2781948513475,180.0,,1.8799558032189732,0.022717729771418404,0.05639734462458024,0.0007001873637260451,0.003193121059254612,31.222912311874786,0.0027423667244195135,2.078603724870388,0.2744050964918279,0.01977212579089647,0.0
98,crc_mono,-86.01679552376679,-86.01679552376679,-61.180672157678764,98.6702554527027,180.0,,10.060593464180167,0.03488263812736947,0.15812333918962887,0.0002741324530140112,0.005528866785569959,26.807814631364593,0.0016261602103874301,1.5189853658992485,0.47471091037278607,0.13586574658811118,0.0
99,crc_mono,-88.90745391662458,-88.90745391662458,-65.88953576264925,59.07977567432358,180.0,,2.0849519280392546,0.023381880740160246,0.14919192419438007,0.0005469276299866587,0.00429765214262977,33.421040202011184,0.002648232983800766,2.79132839638156,0.38603698723830615,0.037221846928582825,0.0
100,crc_mono,-9.756195571709302,36.58134006762086,-3.331150109193215,72.09542172844672,25.0,101.66666666666667,3.6373279559756466,0.021946532398475663,0.20502122557790844,0.0006201956568790944,0.002356349902776586,30.781757999440714,0.0014499378861600675,6.672623344270559,0.514847689413199,0.12023799033739178,0.0
101,crc_mono,-19.098937962095373,389.23762427807833,150.81123018930626,90.32574367784545,6.0,27.333333333333332,3.352386344304597,0.015773862667634912,0.07649241659985298,0.0006067020219847877,0.006363492825705165,26.60440462348318,0.005917424428071039,0.448274034542539,1.3510975783429515,0.033194147458595544,0.0
102,crc_mono,-18.11212994880409,226.7571376080411,30.384210074435792,78.39435808768937,15.0,37.333333333333336,1.9940793798090495,0.04007958170561389,0.15743523039348215,0.0004922304656333291,0.005578155119242461,30.12837609210698,0.0034118237749268393,2.733638141610294,1.0370934656805872,0.32889511713499303,0.0
103,crc_mono,-40.469803382793636,71.54787462050211,-34.09517947631267,87.40915216905059,36.0,75.33333333333333,6.100301023916829,0.01883143004302416,0.14203794165480182,0.001006976890985032,0.006530418836296787,49.966503622877724,0.0010951559090216798,3.7365133632353276,0.8452482788267752,0.05464255954498041,0.0
104,crc_mono,-86.7831055131343,-86.7831055131343,-70.31172081448908,72.24887774827674,180.0,,2.335949928054026,0.010640149273894286,0.09145415739437074,0.0007153504988856044,0.005932454748825321,27.409651352970332,0.0022707919226304138,1.9048890828419718,0.6031559182632688,0.14410596972080789,0.0
105,crc_mono,-74.99684199019991,-74.99684199019991,-48.378007722753956,58.452175924917746,180.0,,1.747431491202781,0.03130940827604867,0.10506404138455476,0.0005061915955725678,0.0028778975590838802,31.734914281347454,0.0031506118197861875,3.1191846058980013,0.17589286605354038,0.0007743935658979973,0.0
106,crc_mono,-64.61139131798997,-64.61139131798997,-51.09075762891635,79.51594458364924,180.0,,4.514497501504488,0.02799651532646387,0.1369750909027179,0.0006318784993647325,0.0030324008758081836,23.957887702036146,0.0009591276315458395,2.351570822650082,0.36245146122668914,0.01595889853498664,0.0
107,crc_mono,-90.93689204039283,-90.93689204039283,-68.6944284008805,46.25364290730907,180.0,,1.2834438057545599,0.016588723896223328,0.16759656190628908,0.0007784743369584126,0.004826081675959427,32.32748673530825,0.003924258286514469,2.4390164519855655,0.49199540812794473,0.0019022127975870523,0.0
108,crc_mono,-2.8598215839378605,14.00588273454899,0.28883385641067516,75.73450083166779,22.0,,2.962040342718258,0.021048448266821156,0.14723825077296285,0.0005039201776864575,0.0013094879325446826,28.050241810503568,0.0023594934733869475,2.2598046016516493,0.47395736694177154,0.471072433245347,0.0
109,crc_mono,-99.97554750376216,-99.97554750376216,-97.07459135576583,60.69166937728425,180.0,,2.139794519378606,0.031547727115030504,0.15313103043855744,0.0003701738670159323,0.009780669167951467,26.308203592572195,0.001540198921337441,2.4893433474273676,0.2527814333907151,0.20772577775848886,0.0
110,crc_mono,-5.326988201257576,81.34570366701517,14.672701696229584,87.16313672684983,9.0,61.333333333333336,5.130318780733951,0.01870323583717661,0.08147720730799428,0.0004988103106414735,0.004779727828393226,51.77779912412903,0.0023432613628379265,14.259272704603125,0.40762957819551415,0.08303142876173064,0.0
111,crc_mono,-24.115567919831726,278.782696613477,-0.19333151595609666,84.94970219850711,24.0,55.333333333333336,6.622773494186491,0.031446290289967795,0.2209355456589847,0.0009939334970340127,0.003679820900084792,32.41807778337269,0.0009254738981055871,3.335240541676821,1.1584444912138445,0.0013362757041449483,0.0
112,crc_mono,-9.214391517603449,79.69985058533578,10.789628175197175,82.91519173518911,14.0,60.333333333333336,3.29181380983586,0.01620011601059145,0.09370262879431748,0.0005375439313867667,0.0037521902603294037,37.22917205626519,0.00421536175579683,3.678388399682891,0.7208162508315072,0.17451419972367888,0.0
113,crc_mono,-99.48746718852449,-99.48746718852449,-90.83545420989195,63.91432230584274,180.0,,2.4748963930988475,0.03530738534934924,0.17781810991500221,0.0006132009742709698,0.0060863845124807334,32.64076352960667,0.002897793283650857,0.9459512488620493,0.5822890578946669,0.0070342241351178695,0.0
114,crc_mono,-71.73959102558807,-71.73959102558807,-44.01172311570715,88.03954682608092,180.0,,7.512731002381884,0.019809961255882906,0.2398119822788723,0.00046939213732904447,0.0036190201346133263,57.80610015680755,0.0037834545706050275,2.1117422622761524,0.1867325903759496,0.043385946099205104,0.0
115,crc_mono,-11.429135887086971,350.063942481977,104.27413644036187,76.40616109832314,5.0,26.333333333333332,2.57797836504964,0.02212491913947864,0.21599932037845254,0.0008766624833228625,0.006671479505102435,46.09145648376112,0.00883358525193989,5.8121133832970004,0.9461662523267995,0.02202506951912901,0.0
116,crc_mono,-93.33330411854696,-93.33330411854696,-64.04842032966012,56.00858992879556,180.0,,0.871276850022081,0.01747393236975526,0.2119232851367926,0.0008400742977993287,0.00543070157772957,45.85207491713463,0.02126490710358672,2.3976036681840203,0.4817192507456654,0.16467934637567727,0.0
117,crc_mono,-13.643226777540807,-6.225080989861864,-13.338482864550883,83.61317493408012,51.0,,3.9471516014416816,0.02530349677597727,0.1501386328871238,0.0006035347423609822,0.004059205085938349,38.05008123651275,0.0019336863276800272,3.420736332162334,0.631522720999535,0.4977519067185276,0.0
118,crc_mono,-34.67109726283102,207.08613454554668,-7.216733901915207,82.5623490797828,24.0,48.0,3.8210152151594663,0.015679864265449477,0.12144743648033426,0.0003580627406533613,0.004438274039305698,23.363374929652668,0.0013440594236172455,1.8002263661038493,1.5075718647089829,0.1055803032191877,0.0
119,crc_mono,-31.245727629262387,41.57266642482911,-18.67511821006599,68.63769831840247,22.0,66.33333333333333,2.4915686169089635,0.02929389354034802,0.12653823270674314,0.0011009898147391148,0.007671319760424277,30.89964441629213,0.0029492898775204416,8.081042717706211,0.5485305367754788,0.0051894091534952815,0.0
120,crc_mono,-3.968913550061548,196.5871998793116,47.73470959721937,85.59388549950624,5.0,33.0,3.382275927896273,0.029717073181027554,0.10633881022689128,0.000525782142524829,0.002991692389776521,47.49289889866376,0.006504232808237134,4.418229812471007,0.8272553098675502,0.11438893696353572,0.0
121,crc_mono,-90.2153507321121,-90.2153507321121,-61.389600459527486,70.9423887135864,180.0,,3.2099775947777593,0.024596441137095488,0.181335112088139,0.00045766099313673494,0.00944909094960201,42.806100263611306,0.0030237885229986204,6.387772439564704,0.32664059259857164,0.47240863766517677,0.0
122,crc_mono,-87.51294292086669,-87.51294292086669,-79.0522270857279,58.86573894601723,180.0,,1.4957380595649705,0.03258277219616199,0.09605502147148626,0.0005433762868203479,0.005951199225515536,39.03369732586661,0.001568305219184069,2.470108178830817,0.7545004097272023,0.07745898281361217,0.0
123,crc_mono,-8.00534393666239,115.76117203712744,29.0260327614154,83.8960652456987,8.0,39.666666666666664,4.087369737464327,0.020800838677048784,0.13045891230276266,0.0010158959976063048,0.005237014037681828,30.52486992234465,0.0066293431037351466,3.759113049363644,0.6084589843482862,0.11842517440953688,0.0
124,crc_mono,-0.8275555298059234,115.12752736953296,30.464535652404766,81.94433053126227,5.0,46.666666666666664,2.87719450599186,0.014010297688151974,0.17030880320349787,0.0006742293518950025,0.0034495883638661134,27.136715867960323,0.004058588897890315,4.664602235262478,0.7484862418514817,0.534535601730435,0.0
125,crc_mono,-34.912678797197394,-34.912678797197394,-27.234562843286948,77.9871289506735,180.0,,2.782399587873413,0.026575038050250615,0.15886479151087768,0.000575452343881988,0.0064843549563855475,37.74285805918699,0.008615807896393178,3.1797411701331266,0.7144657558826525,0.06523856062580209,0.0
126,crc_mono,-0.0915609413455809,369.19065517891073,133.29373646710022,88.38093611139975,2.0,23.333333333333332,3.7456408201449496,0.0249361867123096,0.13365886879231917,0.0007250319477805689,0.0020956095216510397,35.67836053285447,0.004266057115540045,6.426322599261194,1.1024634933204407,0.22705811113723928,0.0
127,crc_mono,0.0,399.9999945838165,396.10230861028555,105.95100797774589,0.0,21.333333333333332,2.8947144208578237,0.016940298811097276,0.10290634421891125,0.0013239199521752516,0.00509711880117198,47.67634333985858,0.005791743962483712,2.6639600937825576,1.8153443176908406,0.27265086684444645,0.0
128,crc_mono,-9.45419933871513,188.29936488167914,36.17063863470429,85.47401305286544,13.0,41.0,2.732277286314338,0.019913155482181696,0.10033235434636499,0.0010681997428777616,0.008311485649837493,37.820872316856025,0.0032055059509862828,3.2219095639306925,0.8045029405739627,0.5080036838790719,0.0
129,crc_mono,-0.09101322651818844,395.9540809780385,207.6335056932416,88.43701163572233,2.0,23.333333333333332,3.104558129972683,0.02642543974774736,0.11099832050159013,0.001124402246338024,0.002536138396564116,22.76706808562694,0.0039572758607971555,1.5939282775318906,1.074157792209555,0.3219993513948313,0.0
130,crc_mono,-3.9766849206629318,394.55492747976103,187.3734213897831,96.66526266358322,3.0,24.333333333333332,4.437115797204189,0.011778913531085986,0.15442186393155416,0.0003940232464554609,0.0031736550001208344,42.995840953117906,0.003901221712837696,2.6275269827360104,1.938280813787074,0.14198890008145187,0.0
131,crc_mono,-20.56503392791398,11.057766013501036,-14.460162258813437,56.47130077742627,24.0,109.33333333333333,1.5546719584490634,0.01906088747770372,0.15265151369658717,0.0004520661840020939,0.0029158109453387964,40.03601572843867,0.0045600127091301275,3.0484124202842837,0.7753103731498373,0.0029232061517973336,0.0
132,crc_mono,-18.350646554373174,393.97495260478604,166.6174113364048,81.16930455540172,6.0,27.333333333333332,2.6391009179632094,0.020594487497759138,0.143977334327293,0.0005839193656925175,0.0062661646315399335,44.05491221806511,0.004607970187491507,4.036902651479775,1.5590394948199906,0.004015087577164685,0.0
133,crc_mono,-4.2347858713705495,118.8633100704636,31.508132557058154,66.59737142244147,5.0,40.333333333333336,2.93964957533004,0.02814559088899605,0.1761779266756927,0.0012893584289225208,0.003054271265031262,35.91955290627242,0.005318731546559019,8.786949863350761,0.20302643824762726,0.00633121015949524,0.0
134,crc_mono,-13.91473768406113,399.96476642026704,330.5409405068261,80.88817830639663,5.0,26.333333333333332,1.8424716703339679,0.016125114796178334,0.15088230553362184,0.0011675669690562865,0.005220294137933913,39.901617415592405,0.005415549777862267,1.2158080994601912,1.4719599971011206,0.10661106683281685,0.0
135,crc_mono,-95.45304795967951,-95.45304795967951,-73.95914057183947,59.2493690609868,180.0,,2.165220079555024,0.020449255919586365,0.14518364516941626,0.0006718694643683895,0.0056258995094285,43.361755592516836,0.00447237564680172,2.421605408768421,0.34340227133611967,0.026953231987799604,0.0
136,crc_mono,-32.99026868848133,-32.99026868848133,-21.45685109400166,69.98848132749627,180.0,,2.850489111229022,0.023887479330046986,0.1310301794565564,0.0006088061982235643,0.00226363296668867,34.09569540781076,0.0036223815867412056,2.960691816467229,0.24863521979385542,0.08594924398219993,0.0
137,crc_mono,-1.0408394290891798,262.13785783948447,71.0094925967623,99.35846728631438,1.6666666666666667,27.333333333333332,12.877328828282192,0.026046986521606773,0.19072068727557584,0.0010805851639791755,0.003899982422897383,39.0858159292744,0.0010680143933046963,2.221687877320055,0.8796391457628439,0.2975271376123939,0.0
138,crc_mono,-3.241398213072,365.9550724538386,123.85800335866155,90.18204472469887,4.0,25.333333333333332,5.166334591698353,0.031052538392089445,0.10851287508616694,0.0006954015208465866,0.002940714725273305,28.663395035485674,0.005162208202188806,4.102394299726739,1.0870187165190137,0.020281454984703025,0.0
139,crc_mono,-8.34187945715973,376.1934203111145,143.5191401009723,80.08080210250836,4.0,25.333333333333332,1.4455287683577869,0.028392162537786727,0.11653272093444669,0.0006919833911999344,0.00502619183612996,36.31744805538907,0.009665670717319209,5.256955707938487,1.1242645973880963,0.0033957062926068165,0.0
140,crc_mono,-2.1715093766921267,29.296527151746954,7.23414337014523,83.53012162233647,7.0,117.33333333333333,6.241215091948788,0.018441774429896026,0.20383337747590796,0.0004910285470606255,0.00214754041786164,30.91237105104342,0.005487078616689672,5.442060840586735,0.14837462050056058,0.14742291152777964,0.0
141,crc_mono,-38.37209574776582,-23.186147537243574,-37.77612902328398,91.31007829097491,52.0,158.33333333333334,7.84697343140762,0.012959032639030246,0.18823757113510017,0.000842819504605161,0.010881165545201313,39.87836445869559,0.0019110718926307372,3.8680690631812737,0.7234008815915141,0.27703217301001803,0.0
142,crc_mono,-2.760347330696866,189.68052693456156,38.50896416515219,97.47872151774666,8.0,41.666666666666664,8.741807189403374,0.023785615668907367,0.10909138182300947,0.00038614029705593593,0.004220586907467061,34.22602294040572,0.002748356409819805,1.98536010307539,1.008237923204129,0.40873110008762126,0.0
143,crc_mono,-16.94541441779641,19.543292661821155,-11.236776355652578,83.40457292758967,26.0,107.0,4.640219254841673,0.012511621307827311,0.10226774630924737,0.0005671429638310797,0.004007436149085854,32.50408917919869,0.002464744320140575,4.464451512691301,0.5416764420471664,0.0639413317363335,0.0
144,crc_mono,-30.610468294011874,25.75757303188513,-28.33041792687463,71.49163566998307,44.0,99.66666666666667,2.2823267894571004,0.029444132562872226,0.14408738964436943,0.0004717637934432998,0.005273802018969512,42.17754279808985,0.001461924036602665,4.947004351323284,0.9322969387035794,0.28469712035860256,0.0
145,crc_mono,-14.78386462936757,-14.78386462936757,-14.284136746799659,64.47015092302134,180.0,,1.3421969316998776,0.034544032472467824,0.14265196536188504,0.0005582929390009771,0.004737120070158422,42.68559066642375,0.011390763005188412,4.400012087399817,0.660423831702114,0.004569613465606118,0.0
146,crc_mono,-78.12763834385541,-78.12763834385541,-58.97542651615842,78.49224910403167,180.0,,3.9776265384713185,0.01912544084180337,0.12925439042042697,0.0008265866823776556,0.00610968457818632,19.466170647010596,0.0016433517011183996,3.2997649845241845,0.3539044970068473,0.17808070198660655,0.0
147,crc_mono,-21.348001247892533,34.836453587817864,-12.860151606310644,83.15068214461901,28.0,82.66666666666667,2.9348881637106503,0.024481315991918398,0.12221218272603765,0.0007213126570033914,0.004514206196453909,31.291839069836218,0.003094056995015928,1.3881469107542934,0.7993873310797655,0.41216179192073904,0.0
148,crc_mono,-73.54996716664378,-73.54996716664378,-54.31262348494648,57.5414587889276,180.0,,1.6681331484213047,0.018779111924524642,0.23516756972752617,0.0006307652999831523,0.004993670148824671,29.254274783334104,0.005753487982544181,1.6321512878037097,0.76703430238144,0.032219258156770555,0.0
149,crc_mono,-68.65144647524747,-68.65144647524747,-57.95735258245727,53.876174119667276,180.0,,1.1376184171369077,0.02367553693897714,0.0869462776128897,0.0004100712884124629,0.004327830454291487,27.279025239286018,0.0019948979008713986,4.132515567616146,0.6463015398285755,0.017995563660032413,0.0
150,crc_mono,-4.249855484451237,399.99360100153956,358.8334841190127,87.58037646477638,2.0,23.333333333333332,3.7210045981366093,0.03424885043151093,0.19619431648731003,0.0012499314071530094,0.004191346408774525,36.540713632023454,0.005178770301419977,9.99123830862401,1.543840591037724,3.93639238225021e-05,0.0
151,crc_mono,-99.39780171288226,-99.39780171288226,-90.65440610596404,65.79531962687352,180.0,,1.8254659300786078,0.037519609229360935,0.06982561594895367,0.0003090663857747368,0.0073249547024706665,41.37062872009834,0.0025339574100682236,2.1406973624553745,0.3699153906800709,9.31984382941206e-06,0.0
152,crc_mono,-0.2991706234705571,147.23556841452026,41.15310300321418,74.6462406857237,2.0,38.333333333333336,3.432833062976936,0.021561032329671586,0.18581855098619832,0.0010261652480974927,0.002436120316325953,25.330115172343913,0.00306608056087085,6.263983007447831,0.4392080211355345,0.3336937445956309,0.0
153,crc_mono,-6.493320187859553,-3.550908904827388,-6.272980295462782,65.59530937762278,45.0,,0.6307382480542789,0.02778956056700551,0.1185192614135997,0.0003671487028332022,0.002286506104091971,40.36481868675,0.0031209074862154937,4.6219140004813655,0.6647790781726722,0.5923776075629995,0.0
154,crc_mono,-70.14915912548206,-70.14915912548206,-48.10864490325331,65.3603704460998,180.0,,1.6034958718608505,0.02682657024545153,0.07358009163158004,0.0004198000100306287,0.003151960984877317,40.473622896763246,0.001351281561432396,2.9948667432009772,0.46721925662156977,0.26736979308921227,0.0
155,crc_mono,-76.62379181360883,-76.62379181360883,-47.05186062641822,84.81040019315871,180.0,,4.4440185454188,0.02103671579435424,0.11328786073259184,0.0006390347407934248,0.005690070808901635,42.25906195012771,0.009393611600717408,2.2827135995690044,0.3490818147940186,0.0389103455725929,0.0
156,crc_mono,-6.095097831761831,235.10414736598779,58.22690160312949,72.97750517991511,5.0,29.333333333333332,2.4343961611221387,0.032941866040310144,0.13498690602295133,0.0007413056094730285,0.005149182690474359,40.88152139034925,0.005586219166546612,14.223365893780215,0.78932371165794,0.020919343761440546,0.0
157,crc_mono,-8.37976312866643,390.8281836913871,147.7227296796027,88.96349604594215,6.0,27.333333333333332,3.182566661972151,0.030766389266904132,0.10819388074660953,0.000316841609393605,0.004260163270671537,24.500159849797626,0.0031887906443098524,5.090270584208783,2.1071472500905917,0.05519445792480684,0.0
158,crc_mono,-92.14004213027305,-92.14004213027305,-67.40629841190331,49.35929973576207,180.0,,1.5211187795300691,0.018262164794723798,0.16148597736367415,0.0006767512167832819,0.003497186736119673,27.667275231141943,0.003460764868018603,1.9623236151474754,0.3204002187452915,0.012455862744122866,0.0
159,crc_mono,0.0,295.55714808963637,100.00624059415651,87.73653364079863,0.0,21.333333333333332,4.558568794281141,0.06759255130791575,0.09937953920580579,0.0011389247464752249,0.002064629706027714,25.078736890118016,0.0016822919085971407,5.139652531571288,0.573652551842028,0.3501299073190208,0.0
160,crc_mono,-51.43709400087619,-51.43709400087619,-26.853213363598172,60.938466153775906,180.0,,2.7029070190135185,0.02719037277529788,0.2888199798219006,0.0006876229899770526,0.0030049436975753572,30.59357929503258,0.004130192855575566,3.9837695113743923,0.2943358976369836,0.446018551678753,0.0
161,crc_mono,-89.16560294876655,-89.16560294876655,-72.37893113604444,80.77798653344685,180.0,,4.270379822857835,0.036021084119539575,0.15186069742844013,0.0004050847823582402,0.004914645987354555,37.15523968020519,0.0012507770284120804,1.8661765974145927,0.6886773223580008,0.1391382508253884,0.0
162,crc_mono,-13.377275207944695,91.00254361265523,10.240336665870785,80.86608057706862,13.0,52.333333333333336,3.69002143847971,0.027409581105852572,0.24282770143826973,0.00020347573948540477,0.003960524660228292,33.70064247012419,0.004295552995079203,4.3166543947541856,1.1334356419207434,0.1130009751172529,0.0
163,crc_mono,-10.769269921316482,52.354763967417426,5.219331838431285,84.8715678662534,15.0,68.33333333333333,4.86031453582277,0.030579140693804407,0.1486815688864303,0.000895745995887407,0.0027528575329560274,41.480252921479185,0.004409644319654605,1.2498089401239594,0.5872714029811429,0.04614529251494824,0.0
164,crc_mono,-10.214923452996727,-8.921694860608763,-9.732570313962851,90.30656111476895,27.0,,7.047827865051947,0.03961633148354257,0.1656256806704187,0.0006467120757364465,0.0037217761742060233,55.285368195204384,0.00747353393937192,2.8306653749704394,0.26144976821552046,0.009696552922655938,0.0
165,crc_mono,-45.93873120358497,-45.93873120358497,-25.08621190022813,71.14314137609934,180.0,,1.6749869839294704,0.017665677196514757,0.10659533267235982,0.0005957446677143677,0.003087524374532173,24.840187208189462,0.010396918089274608,2.056000945455237,0.527607634345922,0.1874237512431293,0.0
166,crc_mono,-6.166036251059137,197.61372595940307,41.61338058648929,76.8063644543632,7.0,36.333333333333336,2.663524331523386,0.022427010937213002,0.11947519596298545,0.0005176627531964448,0.0025026651862687654,36.82980781944665,0.005086648957990504,5.047845720717049,0.8671770362571635,0.013404157483111035,0.0
167,crc_mono,-7.027572152812612,50.59759588211825,7.042767746139189,78.57097982999544,12.0,76.33333333333333,3.553163430838043,0.04160810911831086,0.22374177296194012,0.0003250432987326814,0.0030731924300954646,23.631499448548944,0.005386243293982976,5.69498396253191,0.817841224112611,0.11685373699094329,0.0
168,crc_mono,-37.55582347112628,-6.068001715716642,-36.28859121998549,80.73139381849539,47.0,115.66666666666667,3.8693624185712117,0.016505114792870614,0.13893873930825007,0.0004875801026181729,0.004836021851707514,41.128974365602254,0.001880817984682075,2.848868296147093,0.8537272302625064,0.16251187778575452,0.0
169,crc_mono,-22.400870662110783,238.8129567812865,30.55580512871805,87.72366860364407,13.0,34.333333333333336,4.364429403391332,0.02343142450423886,0.08994168923504497,0.0005129316303542802,0.005551648762798861,35.86073393281638,0.004501807374220877,1.8925052572389451,0.980483794224895,0.00026504455424846654,0.0
170,crc_mono,-0.5193015270274604,399.9999999999961,399.95619596770115,107.7607628170649,1.6666666666666667,23.0,4.97835459004112,0.025075301841292086,0.09786951897904579,0.0008352044200071587,0.0029672446998563707,25.8726243106993,0.0036718282160203273,3.927599835198987,3.4760627723902484,0.06634510755545693,0.0
171,crc_mono,-4.204734018257817,349.21417583256067,99.96275756631485,79.24846297482435,5.0,26.333333333333332,2.9976695867405194,0.02841870009281634,0.11049101504417808,0.0005613242823069403,0.002592537074500315,63.363442922595155,0.0038369661868319326,6.16084018048686,1.1902839485496395,0.06859807647037444,0.0
172,crc_mono,-94.43812144541272,-94.43812144541272,-76.26964433533077,43.02152396383164,180.0,,1.1158890561719614,0.021239722813233764,0.13633821666565363,0.0008818030651977977,0.008956678274428897,36.79084780655905,0.00328784447469096,5.9667536186086565,0.3442070637893109,0.02449654290174137,0.0
173,crc_mono,-15.760560971457416,346.724214970052,92.25437680727448,89.76277538405006,7.0,28.333333333333332,4.722794248993124,0.01802967372764672,0.16614036351177594,0.0005491264643683922,0.005463270063698239,32.96356421135617,0.005892687316096089,1.7155357796063195,1.2264633943227479,0.028523836035221743,0.0
174,crc_mono,-68.19231123078144,-56.76760303546911,-68.14362436682686,59.538367727893295,63.0,139.33333333333334,1.9679623060215274,0.02315125229282665,0.13165486604838483,0.0007724224576509908,0.006245074135735154,44.850776083113225,0.0020779040986914667,2.3537041435229216,0.8139218760042186,0.03867663044362487,0.0
175,crc_mono,-21.24509183198564,82.38818399095847,-10.58894547406296,67.41626256412366,28.0,73.0,2.8379811571727527,0.028671420404219192,0.1714000236620574,0.001062963636793172,0.002782204083480057,30.323153575575486,0.001308389942947942,3.820376263205772,0.6706041628819012,0.05234366890901978,0.0
176,crc_mono,-0.4326317618437048,123.05306088547442,33.75729565343146,88.31542406129265,2.0,42.333333333333336,6.155358095751422,0.01711718686183806,0.1480203622195875,0.0005298240032748151,0.0009448213503997085,44.26373008064762,0.0030421594037439567,2.6379674337570114,0.5360170238768395,0.2143825791537303,0.0
177,crc_mono,-78.51835134773108,-78.51835134773108,-48.61352815099782,54.954937560984874,180.0,,1.858590832691591,0.02549994631932084,0.19280767636425075,0.0011030265433106116,0.0049697535935423415,33.31273942650482,0.005643677488488199,3.5498928821363878,0.2877700546672102,0.25147384341374535,0.0
178,crc_mono,-0.522173560700312,376.90636329825116,129.76707441445612,94.14658750078394,3.0,24.333333333333332,3.6116546485341394,0.024036118685127696,0.16075253518939372,0.00043075636424974253,0.002181554339831247,29.588472097965465,0.0024877739644630086,2.55609043369439,1.6447526202198743,0.32044129771528684,0.0
179,crc_mono,-56.7376750014987,-56.7376750014987,-47.86392008137037,47.573876464597234,180.0,,1.2414496477949934,0.030342313502541827,0.12088347462373378,0.0009727832146227757,0.00804490690937017,56.16390430984774,0.0033878557441767852,6.792963255681789,0.5110262110555968,0.0756650268102195,0.0
180,crc_mono,-8.253984096237389,44.14215184608394,3.7480191008299135,77.36669652700705,14.0,83.0,3.2374385595988553,0.019243071940751134,0.1169153999915256,0.0004772306179116808,0.0046683144184060795,37.35285484989653,0.0035751976888631206,11.213878375912456,0.563926195712498,0.09733201753880873,0.0
181,crc_mono,-69.25163110333574,-69.25163110333574,-53.48148968968916,66.45751315686462,180.0,,2.1880346509952875,0.033373282828698364,0.12570803544018688,0.0007040676404771794,0.004542045482509265,36.60753415643416,0.003754057663490526,1.8388974487474483,0.6214965956049753,0.010966690415314442,0.0
182,crc_mono,-0.4906739273290106,206.73736894703217,60.47541271200396,95.87869627598894,1.0,27.333333333333332,8.156306144836273,0.016966907125808336,0.09474217484122059,0.0007079639566438687,0.0013564720335564253,26.961282129925767,0.00364269174025397,2.140266757566321,0.5064100584364833,0.010353960554641266,0.0
183,crc_mono,-7.800050653400115,359.24759028043206,107.85890879739956,81.11443484212857,7.0,28.333333333333332,4.1605552857929755,0.04091820913652899,0.30431952231137627,0.0008726536622094662,0.003395238507153375,45.73368529161731,0.005046137662772616,2.2369559798729806,1.0228642228676998,0.15469226801751415,0.0
184,crc_mono,-1.6980101284961746,187.9155699370509,66.78252802665037,91.22742684987041,2.0,24.666666666666668,6.370840708409874,0.022149838868994236,0.1203528615435762,0.0012109894922397652,0.0028014815202548745,22.30166198374882,0.007504388492895219,1.6639856128289752,0.4439930438176756,0.05121200277210624,0.0
185,crc_mono,-84.96061861515261,-84.96061861515261,-54.10176122109179,80.38375510842273,180.0,,5.411896665395754,0.017974899433611264,0.2708601968796207,0.0004811891679072452,0.003217863263822231,28.848976029291745,0.002996240924564755,1.3190671823242146,0.37614159084309784,0.37619383900977627,0.0
186,crc_mono,-48.123618730283205,-48.123618730283205,-32.13028085437729,71.39490862242333,180.0,,3.7894367388624834,0.02065308011486014,0.17851182570847346,0.0005077756954816805,0.0015700071550429388,52.749852117360035,0.002175551744341844,1.0399290146887954,0.4516753387339562,0.009497832991511043,0.0
187,crc_mono,-61.441457765090625,-61.441457765090625,-41.19681309297535,67.6459391742563,180.0,,2.669796255529332,0.018111943583027465,0.17453727673038041,0.0004343506554207324,0.005883922424639913,30.16247716426191,0.0024228935274218572,7.1569949711643,0.4983483520004673,0.21160645508348208,0.0
188,crc_mono,-26.809716745896228,-22.528874890769334,-26.76625583703698,41.02987882081068,60.0,,1.5723768561873228,0.03193853267134108,0.21416433522443568,0.0006836065759149416,0.0033293146507044225,53.967973791636055,0.0021475702332340394,7.453923739329648,0.4871588058176921,0.04860006821079229,0.0
189,crc_mono,-18.9852475377046,65.3275624051185,-10.001488934916292,67.8501228265355,29.0,78.33333333333333,1.8986066748832056,0.02074228567114201,0.09263772953427689,0.0011592380006789815,0.003526070014866091,29.497743490190498,0.001508795058043044,3.473288130519906,0.5964603728849133,0.1959366732174036,0.0
190,crc_mono,-44.231083182294654,-36.247752399117005,-44.160817143752475,60.392194866278246,68.0,,1.5029031010323577,0.025866420968201416,0.086458205293045,0.0005316182194602328,0.003266218827574468,26.463827535158654,0.0018144336931746026,3.3281517568116348,0.6712579407330422,0.008440845881653317,0.0
191,crc_mono,-88.20494233819298,-88.20494233819298,-60.89188314613008,47.2363141789141,180.0,,1.393754702839236,0.032752447830639964,0.16285281925900205,0.00033903954544668886,0.006758517581614524,19.89696145564096,0.0019030680648539995,9.159827376067142,0.11640989299941737,0.2397638150840927,0.0
192,crc_mono,-74.3620693655854,-74.3620693655854,-46.64385269061512,68.50536506156159,180.0,,2.908108615834722,0.04467275512007565,0.1820532716293259,0.0005868742266681755,0.0033518652556634608,37.023265722546746,0.005248513580868667,2.173471837529204,0.376599129797547,0.001069489520670662,0.0
193,crc_mono,-7.472157867522721,387.87240388758306,121.33759140909129,82.13612944847776,9.0,30.333333333333332,3.138154008968939,0.02329287662740468,0.12531333954145799,0.0007865063877342743,0.003417068270473555,37.649646684194416,0.0021329963766738413,3.38054656863851,1.3279295518090504,0.1566911320335258,0.0
194,crc_mono,-1.9101900022991836,107.00123817423672,38.52327384627965,101.62071911405826,1.0,33.333333333333336,12.371619752580175,0.028807467387990556,0.10487989827142025,0.0009112681853517844,0.0032720200259962954,37.449116444868196,0.01447319230439933,0.712032790380928,0.3163409239046708,0.00119376352634503,0.0
195,crc_mono,-99.84552422991719,-99.84552422991719,-95.52484987985162,96.46912869333104,180.0,,8.938732670881807,0.026157384138266557,0.1271883652214564,0.0006174163659700669,0.012064243659416834,27.56364570097207,0.0006114335533543069,1.8315417968555454,0.28099323110783603,0.04120339575863924,0.0
196,crc_mono,-95.64789671672858,-95.64789671672858,-82.87396954578072,74.24263217708345,180.0,,3.0178915407973754,0.013348769645855506,0.09237924388398051,0.00047440818891967326,0.009133758813541587,48.43739419754163,0.0015329282304829123,4.065663969975156,0.5181375718407688,0.10014116302726585,0.0
197,crc_mono,-64.33888130869585,159.49031185715148,-59.50835791274211,50.92731216137337,45.0,67.33333333333333,1.6345894583516007,0.022554507900236862,0.17395103024887326,0.0006549262979096006,0.004000322455273983,32.81501167331945,0.0008420933741057753,2.6107615833203552,1.4543452254068558,0.014269745497061587,0.0
198,crc_mono,-30.88455560650385,199.65840861278602,-1.2291096060403461,45.06693244231076,22.0,47.333333333333336,1.3583233421909955,0.023962543643184717,0.2550319089350543,0.00037892343674574816,0.003577412894909121,31.622316446840077,0.001782243068669728,5.714888355626343,1.3813385909477807,0.006008084657773745,0.0
199,crc_mono,-9.645100218996438,-6.499418407782775,-9.395045680369641,65.56841617012833,45.0,,3.2689786793242614,0.023193317128770246,0.2476138835448221,0.00044317407372779563,0.0017242567519382699,29.426278575466196,0.0026214793439089416,5.86140529063129,0.3035111782986779,0.08968774366698723,0.0
200,crc_mono,-66.29000088172059,-66.29000088172059,-46.95185050375521,67.04416377672685,180.0,,2.5175568630777496,0.024995436370824967,0.17917197416098282,0.0007354415232234834,0.002733485338571835,38.770463108416756,0.001412324995481507,1.4458858329915392,0.5923690485903952,0.3368000601931621,0.0
1,crc_combo,-59.62958832107687,-59.62958832107687,-34.694748948373864,39.802384076542694,180.0,,2.510348067116362,0.04863394138414632,0.16848172839399783,0.0005834207559240635,0.0042007721296023065,25.280309516333325,0.0035963017648363094,7.572907281407724,0.42821987265561295,0.2603588333965833,0.49069612909835814
2,crc_combo,-10.619091905267785,124.03580438911432,26.801424642170257,56.57432148413329,10.0,39.666666666666664,4.019895190998278,0.021861165841084645,0.19581479901831483,0.0009260211980313759,0.0038113673141264895,34.91754047203447,0.007938969113337996,3.16206900276127,0.8935469863719888,0.23047107251553228,0.6552149982434275
3,crc_combo,-19.27839927243874,264.82735752364493,40.2640457315899,52.36163034649548,14.666666666666666,36.0,2.2137147257120793,0.02975270028584174,0.1405996321878296,0.0005359766733894232,0.0024028183535637227,35.79630389163442,0.004089709853025139,0.9581700551732802,1.1799138322555702,0.22310301430272098,0.6359969607089522
4,crc_combo,-1.1763760060047423,256.47938860816964,90.73005198787631,57.764485007512356,2.6666666666666665,24.0,1.924915673472194,0.03681028666758284,0.23052672262720933,0.0014448146978121802,0.0023254405878628827,31.038057398453056,0.013632667365603956,5.62636408380189,0.7437791261698423,0.19003938345884466,0.472147958213418
5,crc_combo,-45.138729068979046,-45.138729068979046,-35.81583777569408,62.945136515738774,180.0,,2.2708054415120467,0.017243431665680077,0.12275301389720351,0.0005737152477345991,0.006626427042692365,36.4087188070543,0.003988572470619902,3.526165985216878,0.9295638321220747,0.567405378350434,0.7468695036662741
6,crc_combo,-79.51132562081615,-79.51132562081615,-49.049360383219884,33.270649096734125,180.0,,2.753113243912881,0.023737806153435192,0.1322671526987584,0.0005223637190203414,0.0035612766165172846,25.79324404611442,0.0033078880084101803,4.756843525050164,0.3850197600822979,0.2801835770567644,0.6096818234249595
7,crc_combo,-33.33339081726054,62.86180630012967,-20.468794654917943,62.82479889248857,26.0,64.33333333333333,6.009610139839045,0.02179414686586946,0.17213713563952213,0.0007589055309056658,0.0048822439766971525,21.319541080840775,0.0029110098275724177,4.343409830020866,0.9176393390573888,0.012004041354354395,0.47749822763488037
8,crc_combo,-63.019343925078545,-63.019343925078545,-41.82732204037721,19.095149111038076,180.0,,1.0278862710709593,0.014849760501419017,0.2679779968811176,0.0011961977416867224,0.00198770863771792,70.25610402248401,0.00421838830771106,1.47206281136747,0.5522090109073464,0.017114106833065426,0.4586247734035365
9,crc_combo,-25.533783639924767,-7.485491758632968,-22.62042163292882,34.05522817642206,31.0,155.33333333333334,2.024059387923813,0.02304309518821187,0.18338644715367464,0.0007768688067625493,0.00702124497838951,36.118025123717516,0.0040181759118642435,10.348609994647374,0.7602901259477568,0.12422669425243171,0.5677236966950175
10,crc_combo,-4.804316323273317,296.0315533903891,172.6586217868236,61.27565018417954,5.0,26.333333333333332,1.7690017524346846,0.031844954791691624,0.12447159073973871,0.0024711643301062536,0.005069047265220839,48.06281328505769,0.006935605432263877,2.8854135499020352,0.8607715401266359,0.3992892026038143,0.47226077775178715
11,crc_combo,-26.764843960333128,399.9992950167076,342.4314964096909,59.44223167419095,8.0,29.333333333333332,3.9051015904432513,0.03653794428105566,0.184922889867035,0.0007651943381675678,0.004396005331461516,34.58445985210388,0.0026080887400817617,1.763355241653493,2.4866508031737697,1.6066710300231515e-06,0.5156581293906106
12,crc_combo,-19.31827982204519,-3.4755454910342265,-15.291194568622569,62.59215172430073,22.0,,4.604437655661621,0.014426222088990316,0.25827945431108995,0.0007884304554704915,0.005310138855882318,42.57527820149735,0.0072509357189910455,2.3924460922303514,0.9066538358692646,0.44645393261455174,0.714695970473602
13,crc_combo,-81.51711392466605,-81.51711392466605,-55.639515788744376,14.82612185523957,180.0,,2.445644332575335,0.025707910253520424,0.14603547665139147,0.0003897924687317455,0.0024604749699255876,38.55680580086254,0.0027794433121002037,2.911422374088527,0.572610873794939,0.024208257820818892,0.7728352574100933
14,crc_combo,-8.934445562398075,399.9210232267843,312.15138118767624,84.51213896089473,4.666666666666667,26.0,2.7009942450284052,0.02956630929216101,0.16325402148844786,0.0009237664138333896,0.005412756054169392,45.22565127816297,0.003875438599709128,1.5417888123830676,1.7270162434450285,0.30369390470823926,0.448057759372141
15,crc_combo,-17.438337373381675,360.0817991506947,47.33538714496457,77.13386638865177,19.0,41.333333333333336,8.236091447525515,0.022865395197373933,0.17295164163390495,0.0009357878628638011,0.0026988936811241835,28.944256719025784,0.001736395164666119,1.146535029725969,1.245036254248731,0.15287278614887703,0.4420765230369544
16,crc_combo,-11.19951141570742,148.08487862694878,21.17878459996929,55.08501218008106,14.0,47.333333333333336,5.010383276688262,0.03231925788539448,0.2075003148764718,0.0007288135324382694,0.0017046414831438296,25.567822188139456,0.0037445047921883193,2.5353288211779685,0.9125585829978953,0.0005617639236077989,0.5112065232752264
17,crc_combo,-78.14633878063262,-78.14633878063262,-58.28248248431789,41.43507897957177,180.0,,5.299239562139037,0.02668133045537665,0.08897294909618363,0.0006632329490996443,0.004606205451075563,35.251348473127614,0.0017259945645519109,8.219643916881004,0.2152776604715706,0.013676798095080616,0.6514547231105035
18,crc_combo,-31.87097080614194,333.7279753375003,31.241419806187174,38.39328943560435,19.0,40.333333333333336,4.131699579148763,0.03358533216981285,0.1412202155940583,0.000696968220281142,0.003426189902251616,46.774653121425075,0.002517391075347654,2.7683819861945334,1.320574753467219,0.034216606069838604,0.6627896173878568
19,crc_combo,-98.94224582742363,-98.94224582742363,-84.38530706431213,42.30235790656428,180.0,,3.1204995426322255,0.025381142971351033,0.18706228356111482,0.0009486760241807354,0.006953357538557228,43.60892801427969,0.002838019998309884,2.70007661057568,0.4155673255289078,0.3800970968658745,0.4603525438873344
20,crc_combo,-97.83018066478071,-97.83018066478071,-88.63891006132654,59.74833404298416,180.0,,6.879399891110517,0.022359448553767817,0.08876305871558528,0.0005697888599267633,0.005992434645262053,29.87444022231094,0.0011572434956933883,2.8789368985900516,0.6787485822165342,0.02253248794596902,0.5923640296465755
21,crc_combo,-45.052582467372595,-45.052582467372595,-39.22263795179251,30.305917102857862,180.0,,1.233929661396494,0.024726393394319462,0.08449312575816376,0.000556952191887168,0.00415524605115605,33.819320581971574,0.0028489059787944106,7.926583261756555,0.6232294522632443,0.007335954125958689,0.41625451315771606
22,crc_combo,-93.17584298350778,-93.17584298350778,-70.76372601369437,35.11491882169806,180.0,,3.4193160365378072,0.022985195572882373,0.15563940044590271,0.000917797517275305,0.0069105045416187364,49.50350276903059,0.004339586861491156,3.9013334036345757,0.5605746104241313,0.16156361447254045,0.6081684666967193
23,crc_combo,-10.732755183291209,379.3311899291303,109.00418573382495,83.00655327055009,9.0,30.333333333333332,6.775737948125089,0.02134140817085011,0.08235184799306175,0.000651182384277741,0.006434485245792018,28.28672082734391,0.0028084184497547578,6.564471446877821,1.433555773126032,0.1715602823089147,0.41850984402091235
24,crc_combo,-50.39707368910531,-12.397418815713623,-41.68376367501766,51.342114589983154,18.666666666666668,68.66666666666667,4.909153233147842,0.02425148103746546,0.0969386206543831,0.0006374304744134221,0.010440053932915406,40.96406690428509,0.010935208067342697,2.042206300456011,0.9853608469141519,0.05008099069166249,0.8370309728812161
25,crc_combo,-98.08629417209812,-98.08629417209812,-84.32666671028565,17.781810465335706,180.0,,1.299263972441158,0.01357402695868559,0.19916373402210688,0.00041418893722185076,0.005839453370461741,33.970970483079185,0.0021848707843175443,3.6521370972322265,0.5555268193286291,0.07253237139211725,0.5701767135722187
26,crc_combo,-94.69541356043332,-94.69541356043332,-83.3464256429531,16.632516521285336,180.0,,1.624018239655073,0.019388751486127665,0.1699693072545091,0.0006802125043538658,0.00457598835328104,27.92117075195684,0.0020391517429868998,1.9393781370832932,0.835047180952199,0.007904708256530966,0.6730545409399776
27,crc_combo,-99.25014524261913,-99.25014524261913,-87.83659172699369,32.40264291133978,180.0,,0.820758068230575,0.029150381411811793,0.11459610554052489,0.000804547874663325,0.006181046375733209,40.26668261984024,0.006223428216441786,1.0808845935164093,0.7713748042241827,0.12749971921254744,0.6842541828063666
28,crc_combo,-98.31135753138031,-98.31135753138031,-83.52491164883628,23.975804104484176,180.0,,2.1214072361235385,0.024811777306651787,0.2016013636439076,0.0003521984829678364,0.004925589108234314,23.091024405310737,0.0023758323433029902,3.274390885624225,0.2970257997528166,0.015350122643299505,0.49855895229789304
29,crc_combo,-60.76889624825172,-60.76889624825172,-34.65561666709816,27.431493528773476,180.0,,2.4183004971157103,0.02444442109928029,0.24987365056222166,0.000656647082666411,0.001857113385776267,32.23497104964176,0.0019782403301171997,3.397721527996926,0.4999703041423194,0.43600802613030737,0.790042931905126
30,crc_combo,-16.659701937084836,173.31369851456188,9.936810457574152,53.28142153232809,22.0,53.333333333333336,1.951681682379955,0.025578760492453383,0.13850515480761555,0.0004615137145399374,0.0023659987151876563,36.204139306875135,0.00229598659216456,3.0876268586257383,1.1110660064530298,0.2037468018527977,0.3668086791472682
31,crc_combo,-4.804283126118792,188.43599967207624,46.40257610508056,83.31868719342359,4.666666666666667,30.666666666666668,5.558809192870436,0.0183153732687787,0.12862001035288328,0.0002602612633163518,0.004361997298201705,38.494882222011526,0.008373625822219531,4.486074219333513,1.3037159616313072,0.3698142193059719,0.7337736238607401
32,crc_combo,-98.46907050152834,-98.46907050152834,-80.71732395921698,61.43536068836072,180.0,,5.217693417459923,0.022608591469713574,0.19326052038342004,0.0008183683200368658,0.004474780769681435,45.411504786152946,0.006716763009791962,0.7853025626909594,0.5302225389099082,0.12510592979172752,0.42605556364958896
33,crc_combo,-98.82289124694309,-98.82289124694309,-81.5408866865359,20.778186277452452,180.0,,2.2613347025744526,0.025195670552200497,0.10160156687228505,0.00043894068775622753,0.004140323022165423,44.507389249526014,0.00826070677799058,1.7373960338424599,0.39998645890472645,0.03533954790462138,0.7653511160194985
34,crc_combo,-5.497471208369264,399.5879107950428,278.85639708721135,94.33924752499723,3.0,24.333333333333332,1.910194613842406,0.029012126356858514,0.14531041317175583,0.0004836801795776016,0.0037743267059461806,31.96982437224065,0.004664998929961409,1.4960485220112574,2.164038510558086,0.23531367277205678,0.48961909314586477
35,crc_combo,-1.2401273386936085,224.21825684323636,60.86567642261163,93.99686005621834,3.0,27.0,5.488584191155716,0.01763537301410217,0.13962248687560955,0.00029161885019084286,0.0044917936522193445,24.283010726582237,0.007713378271074674,6.1143826432738395,1.2908196790104456,0.4606525714598526,0.4814932657300816
36,crc_combo,-40.158638965133264,-40.158638965133264,-29.969052198380474,49.6561524298929,180.0,,5.708992486162126,0.030319723914172838,0.21060036883078745,0.0010511538429033012,0.0039263655275657535,31.467807800521776,0.0011638256076436661,5.497883657027041,0.6522821837385334,0.5127363502258824,0.6956083389641631
37,crc_combo,-3.917600975996227,115.74855156168367,29.10885503077356,49.62300326660933,6.0,43.333333333333336,9.806341707097289,0.020306964478482927,0.12983972947942005,0.0009817302693000138,0.002573154650991305,29.701505085176947,0.007050691494994971,9.55052927244042,0.6343831251339745,0.07016466382646946,0.7959978910812856
38,crc_combo,-99.66217008608726,-99.66217008608726,-96.57363029517032,16.549779355559632,180.0,,1.4202981633906402,0.029925065443277072,0.11785589754542695,0.0005219964930895354,0.01218147268421291,31.827223604670436,0.0013918806034606105,6.762691879601845,0.736444449554279,0.004358427169550013,0.6032258474838342
39,crc_combo,-92.16569335230443,-92.16569335230443,-63.26889655335359,17.16884789402942,180.0,,0.9753708953291615,0.037175015800887376,0.22181468989071987,0.0009021798438542748,0.002844313308137738,39.27145331098975,0.0036937811744786396,2.313076296666007,0.33003404356407307,0.3114027963683705,0.7074477076687775
40,crc_combo,-70.90338219213723,-70.90338219213723,-50.33549716949424,36.970064780686776,180.0,,2.6170294120247455,0.01734212412251308,0.11802349862152982,0.0005803720124266321,0.004078977293857364,35.244804153388515,0.0032475023092492995,4.215292740361271,0.6382735800804481,0.08489850557627764,0.5353131197501552
41,crc_combo,-7.4835784521467446,399.88861420664017,286.57501533725747,68.28626415688422,6.0,27.333333333333332,4.291487993475745,0.027580573207748076,0.12320461844801667,0.0007951062955632723,0.0019421250764642209,32.78290805086083,0.0034849496365210223,1.636967871242519,1.8823816126929607,0.06234183535312904,0.5303444695919024
42,crc_combo,-11.213137744189694,367.1902192250049,117.43306013852197,75.47451960014028,7.0,28.333333333333332,6.523016133171515,0.016415238527339927,0.13543511976416095,0.0008120692695848778,0.003238836125571803,33.515519666875036,0.006859795769282179,1.4056187590260327,1.1438612046332366,0.13052254226614043,0.5629223683595679
43,crc_combo,-5.91467640794029,399.1170175239091,245.31756732718554,85.76043194384117,4.666666666666667,26.0,4.0540499664486775,0.02711238559568581,0.13995678065177114,0.0008549378028460349,0.00842086032990995,41.7996910532803,0.0031464325960017772,4.598441659628352,1.5982673441551238,0.3841274870733308,0.5166767514224881
44,crc_combo,-90.11186528843166,-90.11186528843166,-62.682933691089715,65.53350809239072,180.0,,4.683630182743382,0.020889179737762394,0.07563522066556695,0.0006270186871516322,0.0031207646571639355,34.7317989914173,0.004824738231889794,1.1168888520598206,0.3957848121886095,0.030662090046591976,0.4313933087204336
45,crc_combo,-34.38178146118413,-34.38178146118413,-32.14193378134769,65.19042541685582,180.0,,5.358676259474856,0.0273559651704293,0.07268285465738818,0.0004550622064331423,0.002903424584647843,41.6985537663213,0.002224303266102221,4.701650475374726,0.5807135468532992,0.018490527444775518,0.4759423260625199
46,crc_combo,-1.5301107817703996,24.222706914442615,3.638730693956549,47.795522016888285,16.0,146.33333333333334,3.054487700733191,0.03013140010870738,0.10989200572523002,0.0007185532569882241,0.0016407027644803427,26.738169610060908,0.0022652568007194658,7.343896382005024,0.5237907236425858,0.5442224365836044,0.6116748974078696
47,crc_combo,-99.98934089501833,-99.98934089501833,-97.12361344790142,31.039675734430467,180.0,,0.9307189821541864,0.028585737703617414,0.10385645533245524,0.0009450202485130064,0.00871330525890675,22.69477636554009,0.0027224441888679405,2.0252462165088443,0.2422274524077872,0.358616331037295,0.340732184481755
48,crc_combo,-70.08512964016322,-70.08512964016322,-58.42415754189451,75.42398999509797,180.0,,7.419121793774714,0.033894005009417284,0.13750769107185054,0.00029985369501222864,0.002622939640424532,27.844777568587013,0.0007512481129834611,1.792728911169049,1.0497843887713567,0.09801498688475031,0.3896897898048109
49,crc_combo,-46.251650987317895,-46.251650987317895,-32.41511957648237,34.80595658055618,180.0,,2.8074445224786,0.022032696276135945,0.15629538622744737,0.0006661587574467699,0.004035180996572256,33.19066429363548,0.004375302013477648,4.990617373054977,0.7076303763568711,0.19483694419157052,0.6994219985838835
50,crc_combo,-31.62473491557476,399.99845141611524,237.88778603814856,67.7244991662254,12.0,33.333333333333336,5.864372369207389,0.015078428992328946,0.14291634402418504,0.0007438406597534815,0.004645745719416227,59.5556948085027,0.0012614138306327027,3.6304418444752367,2.8836467479644523,8.946850716784572e-05,0.4118780001629536
51,crc_combo,-57.94897000137552,-57.94897000137552,-35.5455833584968,19.204384889545803,180.0,,1.453611458022738,0.022809826595481666,0.11253060054507143,0.0013496648112574048,0.0014614714685323286,38.39355609478952,0.0034970452285855605,1.6867008755635726,0.40668914786510707,0.13227237995747063,0.6504507909521448
52,crc_combo,-82.44560158654262,-82.44560158654262,-54.6397404820639,34.17409422859765,180.0,,1.7518937764197897,0.019659273415438754,0.1913377543335451,0.0009541201977450959,0.005760432206491411,34.40882724814924,0.006310175508282126,4.816450415684776,0.4871248912493986,0.08016974015912968,0.4253985196020274
53,crc_combo,-42.695286284289324,-42.695286284289324,-24.13206592512498,35.53545608714066,180.0,,2.3967899799130263,0.01956815584540104,0.18091297965650432,0.0006604428555426125,0.0022341939314711287,44.678021190571656,0.006051467359773577,3.071130748959554,0.6421947772739788,0.31070069382683546,0.781930760247658
54,crc_combo,-40.28133054522476,399.8020706579513,167.1025251856222,74.11791299643376,13.0,34.333333333333336,4.182443948612925,0.03553861068067896,0.11285073776479967,0.0008320094395359577,0.007432128175823402,34.702257563804,0.0018181130775929073,2.198830078375719,2.0055068757819505,0.09043368296386031,0.3611527661928056
55,crc_combo,-16.860868449166546,330.4816738550146,44.72489316723141,34.28537378253825,17.0,39.666666666666664,2.0333892032633836,0.02692454072846319,0.2177717312013621,0.0007696706976184139,0.0017656751545810998,39.45021163879021,0.0022412774517089995,3.011308135592328,1.2013719967345344,0.0026190007284022797,0.4007152448711867
56,crc_combo,-79.12001262906287,-79.12001262906287,-60.0895845135143,43.79689811238691,180.0,,2.363776457415835,0.02568384507889493,0.16437987411356816,0.00086600044845509,0.0053432411904215165,39.49586558357598,0.006127354052431915,1.260086709208337,0.8926599428259845,0.26305751184074994,0.85
57,crc_combo,-99.79555118851205,-99.79555118851205,-93.13460555956354,24.00966403098597,180.0,,1.199884625957436,0.021434302990647282,0.1150320532156524,0.000863285014684726,0.005188315729155304,59.674976376798774,0.002403870809362118,1.3715223623012074,0.4172014514891292,0.0302527184207356,0.34940830856607946
58,crc_combo,-28.98849768867486,-28.98849768867486,-14.308464767842766,55.002590702165136,180.0,,4.792462775586752,0.04307736340646479,0.06301695762818955,0.00040045609115008074,0.002201423383627963,32.02672015183075,0.004564707966396341,6.972627558348847,0.228171436492676,0.39360887116462884,0.5957778838177072
59,crc_combo,-34.48580645961577,-34.48580645961577,-23.639509368005783,69.56184520832845,180.0,,5.628991422044765,0.034970048529469895,0.10745408746337967,0.0004222285813508664,0.0033764171566894874,51.73211308593301,0.004946947197875099,5.308091175401417,0.4564557156349679,0.0055637003691955235,0.39442729085071193
60,crc_combo,-92.68853988879624,-92.68853988879624,-66.93722049264487,54.506073217576066,180.0,,3.5594977633568554,0.026744168936772283,0.14702815558321744,0.00040877465763835234,0.009909418017498402,47.0529994287207,0.009126945006678171,4.281919733007759,0.7921366129431704,0.2563062747666412,0.6427182787480307
61,crc_combo,-4.668467259236175,352.8215808385215,124.42857912616896,53.0176607163949,6.0,27.333333333333332,5.06026597379738,0.02354345306911999,0.098607596504316,0.0016039949521100276,0.0036898905817983507,33.08956364116986,0.00326782141533782,8.502612693640227,0.9574251410885507,0.1835514088900866,0.6705848637366435
62,crc_combo,-5.392495461677271,215.8961387715445,49.07226849112225,71.50978428340682,9.0,36.666666666666664,4.7756280793856485,0.01593293746214528,0.13397335921826084,0.0010332759150326286,0.0032958378645274234,28.99996605609765,0.0033381648161075884,3.8087086418997362,0.8756240207560599,0.2952566670878993,0.40927386881884265
63,crc_combo,-87.12509681942616,-87.12509681942616,-66.98628412666693,37.998471441921915,180.0,,2.5692423603685297,0.033303578401668824,0.23106347531272736,0.0015274281286900518,0.0075169617572267144,24.61326479681257,0.006469128916065165,2.5860000456290155,0.7044168674773733,0.05707474815373412,0.5873555737501797
64,crc_combo,-99.99691848014196,-99.99691848014196,-99.1832317971134,33.906534179242264,180.0,,3.9836845985848375,0.020077501380149243,0.1515540382905199,0.0007470057718487457,0.007805724824090049,21.012374051120876,0.0012133172345657735,1.3374072097415293,0.6126800671658146,0.027443715425552632,0.6180756517093803
65,crc_combo,-10.8541097909159,382.34344849008204,135.5454819442553,82.63610653143697,6.0,27.333333333333332,7.155874546222014,0.02763010300425553,0.1359744555485124,0.000642114544864372,0.0038593316299212702,53.566703655334024,0.004746608747312664,3.499515892177235,1.3976663068233819,0.042020364705938285,0.42238468406222657
66,crc_combo,-68.38299836262898,-68.38299836262898,-48.438761581269944,35.54834143066899,180.0,,3.5887119111146775,0.026394245692446822,0.1236528704177865,0.00033650252317231306,0.0036380061464861245,28.494143933799243,0.0026789051165578555,5.196600099449483,0.6976676720844633,0.06004240077604778,0.6401595919391496
67,crc_combo,-2.6021892164844296,329.59150519707873,98.74013055944269,70.41659419201505,5.0,26.333333333333332,2.371785049784701,0.0382383499418187,0.08028991279285978,0.0007522317873742687,0.003821661769335181,33.55654720916666,0.008073178050718851,4.866981816005732,1.051275830814415,0.4820279529031252,0.8117863476469145
68,crc_combo,-4.765645185351186,324.16813998502477,61.41797144496957,44.66826741728103,10.666666666666666,37.0,1.980955635513316,0.02226033291075686,0.32998271406132496,0.0009673893959634297,0.0020350853258146247,35.44257062929465,0.0020701819307486356,6.004058258716377,1.0643185915785487,0.2430923952517381,0.4520843442157254
69,crc_combo,-99.42926406678075,-99.41769823962804,-98.23004758970778,50.302534170085536,160.0,,2.319739131632502,0.027823468890730143,0.13158668234995882,0.0005401360391479438,0.014786717458265838,30.415433445435262,0.000820946408713624,3.451770007171316,1.2222825662078454,0.29086680688178834,0.5815883362266454
70,crc_combo,-93.39915934492925,-93.39915934492925,-74.6704853014467,46.32220261817895,180.0,,4.3561219418471255,0.015507247194480739,0.11399231217876626,0.0007980026908276301,0.007230173365949154,33.886945835026594,0.0026913185665596424,4.875195427849466,0.4626606321846217,0.0816394270361837,0.5557941317322814
71,crc_combo,-96.53626383184026,-96.53626383184026,-78.1184834307771,33.04615867108246,180.0,,1.7143550490287927,0.03223052493323725,0.11172445038761807,0.00034542850027663533,0.004698913678055974,49.16560339052822,0.0019574441664594383,2.8018480198681153,0.6139644690280606,0.24781422708918133,0.5234923757791534
72,crc_combo,-6.4990805392698086,233.85263845578646,48.08071400848972,63.354617911484226,9.0,35.666666666666664,3.661772884045116,0.02017906336802775,0.36835540855430965,0.000600860415012228,0.007847360357962224,37.920276936646935,0.004881222506604233,12.410464377658402,1.0172120566880152,0.3605323703395979,0.4919698692903916
73,crc_combo,-30.863525868184016,-28.607955211440594,-30.849018253057004,48.06431000207432,62.0,,3.250790473896649,0.0282818129592952,0.20816590677126498,0.00037820542284289536,0.0068386599285539,17.234126610112654,0.002554844924434048,19.761972884582867,0.6821160429452018,0.0001551998330070129,0.3692856729798571
74,crc_combo,-84.51231890598662,-84.51231890598662,-55.585846836386565,17.341602083881163,180.0,,3.3592576439406403,0.02114967035503443,0.18871626530879776,0.000731455696995373,0.0025462924197745575,51.100550539430046,0.003374443610279783,2.9460409132910783,0.30859310374522814,0.047676413077299064,0.6886659815490609
75,crc_combo,-8.803244926188258,-0.6590904768045247,-6.9022574987543495,66.3992440276697,22.0,,3.8419321696292776,0.026290562539722225,0.1201245446755336,0.000563347985654127,0.0026445122762968416,26.06059038366659,0.005517657099385765,5.534425276088959,0.42261650248945287,0.07404153245974125,0.2900506031342503
76,crc_combo,-94.08555948393152,-94.08555948393152,-71.7319168754765,21.168568452399253,180.0,,1.6996032456058032,0.014210670196661987,0.1645423121909876,0.0008520585514323154,0.004296507419467473,39.69554046804118,0.002031553526695451,3.590219106673451,0.39229376283095735,0.22079161514589749,0.5901991455644988
77,crc_combo,-53.456186095570125,-53.456186095570125,-37.088951136140814,25.27814692752286,180.0,,4.229026098343413,0.019963670370958423,0.13293862427792152,0.0004467385328088003,0.0026641824535290253,29.92398110676065,0.0029672278366934734,4.174196732535079,0.7332625439067343,0.1489331556115695,0.85
78,crc_combo,-12.671061825979157,8.499222571715093,-8.940540760209103,68.29003344142426,24.0,155.66666666666666,5.813414049813044,0.0215110602839804,0.09566014867557408,0.00046591603282414203,0.0024870510271884512,34.92705504294113,0.002863590856637191,7.6996788000666525,0.4597348338539963,0.0006830362574827095,0.4293983115379378
79,crc_combo,-10.391909732507543,399.9936279236214,353.9698955233286,73.77142299758471,4.0,25.333333333333332,3.1592758155590506,0.018601012104380577,0.2274298123430478,0.0006479932052058039,0.0034682682964466797,42.056436935614094,0.00483502952852075,3.131543725956225,2.301076519489269,0.025685010257025107,0.49645963474680277
80,crc_combo,-71.50435714864159,-71.50435714864159,-43.21019347522971,42.74528821572371,180.0,,1.079597529333842,0.019277578183672876,0.08506265551968975,0.0006251106660030384,0.0028251558639927244,28.5676366567534,0.010012287280604633,1.5733078248991068,0.6926776813128226,0.09230464081708549,0.5332752159603228
81,crc_combo,-93.18684657086361,-93.18684657086361,-65.43426140724719,36.16185152976673,180.0,,2.59481136015925,0.03853744208788709,0.11564016613337548,0.0008913653653704894,0.003864536452795025,35.57515172413878,0.006147520472005353,2.507377052750839,0.2672966915027745,0.18227439160971914,0.5198821288905169
82,crc_combo,-0.5174206314710883,399.9124235986105,287.7627407185694,78.39645986501921,3.3333333333333335,24.666666666666668,2.2979227646394866,0.020192370508872966,0.09994909580673797,0.0012394312072751454,0.004115944027605936,34.32776029938979,0.0018408649819603726,4.23076574082222,1.6575732210711684,0.4180165578297426,0.8332531670763537
83,crc_combo,-84.22038097366011,-84.22038097366011,-53.13525871013556,21.103278478880068,180.0,,2.0690861298050804,0.017864385651686753,0.1602422174684213,0.0004951058833042559,0.004749914616290823,43.291176787920044,0.004992132887172955,6.996715463935033,0.22909992723757977,0.11073712914245573,0.5579898194984239
84,crc_combo,-38.540099810533604,-38.540099810533604,-26.997407692778964,21.982730660732663,180.0,,3.0270469912345837,0.01671470296908105,0.07926790894728925,0.0013893750268603915,0.0031007906439747116,28.15224213834265,0.002447246713050941,8.574633415571965,0.33403195283726195,0.19905903511025408,0.7556944984058138
85,crc_combo,-48.26286266814409,-36.696927629531274,-46.90625951396046,37.9282208108591,39.0,166.33333333333334,2.0636077392113163,0.0195097905874806,0.2820459386607013,0.0006133432287327197,0.0037407338221820395,38.20608993132496,0.004694400506449309,0.8733520636069347,0.9530059593225036,0.058333057981368154,0.5054017984415549
86,crc_combo,-3.1723363173032926,92.98698740499908,25.013708428668792,66.01895775688159,5.0,47.333333333333336,2.76226375890358,0.030824019316224548,0.10311149671083648,0.0005519223408565036,0.0021105567156389456,35.13323263781952,0.012766411808674511,3.705385452890958,0.8419504137293712,0.21857516504826838,0.5491650553376295
87,crc_combo,-81.87358179473004,-81.87358179473004,-63.37949651748861,33.36392076038784,180.0,,2.2399581715221544,0.015305839463447646,0.06631343379452659,0.0008161837729009,0.00353488566648882,31.355846123716685,0.0010358265685436084,5.3633396497944155,0.42860011282971844,0.09584731225099082,0.5408586308213554
88,crc_combo,-22.508786556407358,64.80131699883387,-3.827527194346514,42.56331996364053,17.0,57.0,3.507651028859601,0.021659037168294894,0.1669720086987736,0.0004276780332292308,0.0035965228059271458,40.685326636016065,0.0072306395596298395,2.3074644251608483,1.000023442542509,0.10218606294428997,0.85
89,crc_combo,-99.62973682615109,-99.62973682615109,-91.33552848117135,19.696006528351255,180.0,,2.535848923382682,0.024205023777508255,0.1769486781655473,0.0007998981505354926,0.003936171308879529,50.27454950712347,0.0015990596900658889,1.1814420670346077,0.43648822576245494,0.04480369464858934,0.5778395698031311
90,crc_combo,-16.240946991606474,365.0077406677159,80.28230315889455,54.638112969690475,11.0,32.333333333333336,2.1156293993578577,0.045917724485204314,0.15380109741965126,0.0004420636114893998,0.007116691584485775,46.42956969326883,0.0023183216989236064,11.439456114468685,1.736760885839282,0.1682313050943924,0.5839871238417252
91,crc_combo,-26.66621088859702,391.00777207627067,124.80453360276043,50.90539094704978,12.0,33.333333333333336,3.0774157714659083,0.018963939450091595,0.1277821000595795,0.0009995028372500984,0.004403405664631755,21.881180378462858,0.004176038280384198,2.704007115814583,1.2608714685748328,0.00041560967742436514,0.5338690100763865
92,crc_combo,-44.67133945815679,-44.67133945815679,-27.542161479918825,40.880375696111045,180.0,,3.3270725394049667,0.014695176840956664,0.15958983689756426,0.0005146639277347618,0.0018487322371430815,29.15328058425435,0.0017685189495519726,3.969646860083437,0.5450558792513113,0.3471356861108754,0.5853119865137275
93,crc_combo,-83.5805282800272,-83.5805282800272,-60.894254556222926,16.581650748484854,180.0,,1.7957812574705858,0.02038941404399861,0.12618798176358506,0.0007569167459735219,0.0027117156957700258,32.1114411016373,0.00209861740852159,3.246544207848748,0.44586310964324505,0.00323989024923293,0.6265922694186499
94,crc_combo,-87.67957888932388,-87.67957888932388,-64.84804582340534,34.06779208108585,180.0,,3.474432555022987,0.02432836884442639,0.15691550032911844,0.0005942628870269566,0.008180851650151219,38.838519691489374,0.003527599176784882,9.639385107123656,0.36538034351558735,0.0021612870929961043,0.5422947534141956
95,crc_combo,-22.878371327095635,65.25530575261942,-11.601699516348063,58.6781725528642,28.0,71.33333333333333,2.193791993516739,0.025936315910468327,0.20011476880978118,0.0007111068181683187,0.0057410479409367695,48.593696499519304,0.002580869387527447,4.531477320879558,0.9657566795658955,0.4243063865825384,0.4444292273272308
96,crc_combo,-39.879352467327635,-35.27844936389132,-39.53057336397545,44.875314979136846,78.0,,3.4866072989840795,0.03888363396785849,0.19723982506484783,0.0005898347752007428,0.001899740727445261,43.782976740816764,0.0016601556576121934,2.0019159501516146,0.7802130263881136,0.001633428111924838,0.3763409560586102
97,crc_combo,-93.45458285779256,-93.45458285779256,-71.04904597628962,39.06768916276875,180.0,,1.8799558032189732,0.022717729771418404,0.05639734462458024,0.0007001873637260451,0.003193121059254612,31.222912311874786,0.0027423667244195135,2.078603724870388,0.2744050964918279,0.01977212579089647,0.4400689623246515
98,crc_combo,-99.77644851631811,-99.77644851631811,-92.66581340201012,58.677704086973826,180.0,,10.060593464180167,0.03488263812736947,0.15812333918962887,0.0002741324530140112,0.005528866785569959,26.807814631364593,0.0016261602103874301,1.5189853658992485,0.47471091037278607,0.13586574658811118,0.6773161253987625
99,crc_combo,-96.50879122997921,-96.50879122997921,-77.76328451277861,29.04704333265774,180.0,,2.0849519280392546,0.023381880740160246,0.14919192419438007,0.0005469276299866587,0.00429765214262977,33.421040202011184,0.002648232983800766,2.79132839638156,0.38603698723830615,0.037221846928582825,0.46216414470340983
100,crc_combo,-28.039215087448678,-27.994206948390875,-26.484379201623874,44.234494144808984,147.0,,3.6373279559756466,0.021946532398475663,0.20502122557790844,0.0006201956568790944,0.002356349902776586,30.781757999440714,0.0014499378861600675,6.672623344270559,0.514847689413199,0.12023799033739178,0.43732895304187486
101,crc_combo,-51.61902321991797,330.0934274973316,28.652481671306738,42.32181972961721,11.333333333333334,32.666666666666664,3.352386344304597,0.015773862667634912,0.07649241659985298,0.0006067020219847877,0.006363492825705165,26.60440462348318,0.005917424428071039,0.448274034542539,1.3510975783429515,0.033194147458595544,0.85
102,crc_combo,-34.823641960155626,119.29672823973148,-16.86325281020299,56.838797328216586,27.0,57.0,1.9940793798090495,0.04007958170561389,0.15743523039348215,0.0004922304656333291,0.005578155119242461,30.12837609210698,0.0034118237749268393,2.733638141610294,1.0370934656805872,0.32889511713499303,0.5206452003233769
103,crc_combo,-75.11677658252654,-70.33687530538914,-73.85145937373096,66.02277489347445,92.0,,6.100301023916829,0.01883143004302416,0.14203794165480182,0.001006976890985032,0.006530418836296787,49.966503622877724,0.0010951559090216798,3.7365133632353276,0.8452482788267752,0.05464255954498041,0.40506325543871746
104,crc_combo,-99.36101172081405,-99.36101172081405,-90.2220893302895,35.343391623774906,180.0,,2.335949928054026,0.010640149273894286,0.09145415739437074,0.0007153504988856044,0.005932454748825321,27.409651352970332,0.0022707919226304138,1.9048890828419718,0.6031559182632688,0.14410596972080789,0.5659539627872912
105,crc_combo,-89.84236421305616,-89.84236421305616,-62.91298977796224,26.129547012450573,180.0,,1.747431491202781,0.03130940827604867,0.10506404138455476,0.0005061915955725678,0.0028778975590838802,31.734914281347454,0.0031506118197861875,3.1191846058980013,0.17589286605354038,0.0007743935658979973,0.47413442353490465
106,crc_combo,-95.51540249040976,-95.51540249040976,-78.73928828987134,41.11808856089997,180.0,,4.514497501504488,0.02799651532646387,0.1369750909027179,0.0006318784993647325,0.0030324008758081836,23.957887702036146,0.0009591276315458395,2.351570822650082,0.36245146122668914,0.01595889853498664,0.5800968355590487
107,crc_combo,-98.21694459880771,-98.21694459880771,-82.33807248744212,11.017125567274427,180.0,,1.2834438057545599,0.016588723896223328,0.16759656190628908,0.0007784743369584126,0.004826081675959427,32.32748673530825,0.003924258286514469,2.4390164519855655,0.49199540812794473,0.0019022127975870523,0.85
108,crc_combo,-48.88758578345875,-48.88758578345875,-25.952509385970867,43.628603048653474,180.0,,2.962040342718258,0.021048448266821156,0.14723825077296285,0.0005039201776864575,0.0013094879325446826,28.050241810503568,0.0023594934733869475,2.2598046016516493,0.47395736694177154,0.471072433245347,0.5608742709883393
109,crc_combo,-99.99778142869529,-99.99778142869529,-98.84454830012304,20.907298385710988,180.0,,2.139794519378606,0.031547727115030504,0.15313103043855744,0.0003701738670159323,0.009780669167951467,26.308203592572195,0.001540198921337441,2.4893433474273676,0.2527814333907151,0.20772577775848886,0.6144550697768192
110,crc_combo,-28.223724616444034,-28.223724616444034,-24.516047981931955,50.37089182752176,180.0,,5.130318780733951,0.01870323583717661,0.08147720730799428,0.0004988103106414735,0.004779727828393226,51.77779912412903,0.0023432613628379265,14.259272704603125,0.40762957819551415,0.08303142876173064,0.5605602676272748
111,crc_combo,-48.84356248810232,114.160899828246,-45.10435907495376,66.27839471294541,43.0,77.66666666666667,6.622773494186491,0.031446290289967795,0.2209355456589847,0.0009939334970340127,0.003679820900084792,32.41807778337269,0.0009254738981055871,3.335240541676821,1.1584444912138445,0.0013362757041449483,0.39657220477890054
112,crc_combo,-47.43246062337968,-47.43246062337968,-34.03126333111951,51.38421780586025,180.0,,3.29181380983586,0.01620011601059145,0.09370262879431748,0.0005375439313867667,0.0037521902603294037,37.22917205626519,0.00421536175579683,3.678388399682891,0.7208162508315072,0.17451419972367888,0.5267116084019302
113,crc_combo,-99.97858583007002,-99.97858583007002,-97.04962015013817,23.09867465595489,180.0,,2.4748963930988475,0.03530738534934924,0.17781810991500221,0.0006132009742709698,0.0060863845124807334,32.64076352960667,0.002897793283650857,0.9459512488620493,0.5822890578946669,0.0070342241351178695,0.6213632395466804
114,crc_combo,-94.8232338070456,-94.8232338070456,-70.369156200413,50.33504749708124,180.0,,7.512731002381884,0.019809961255882906,0.2398119822788723,0.00046939213732904447,0.0036190201346133263,57.80610015680755,0.0037834545706050275,2.1117422622761524,0.1867325903759496,0.043385946099205104,0.524131889441172
115,crc_combo,-19.408441131431566,170.329542288182,29.744139619289633,45.555942878535284,10.0,32.666666666666664,2.57797836504964,0.02212491913947864,0.21599932037845254,0.0008766624833228625,0.006671479505102435,46.09145648376112,0.00883358525193989,5.8121133832970004,0.9461662523267995,0.02202506951912901,0.6663855457511566
116,crc_combo,-97.47736658286786,-97.47736658286786,-74.30198626283651,41.565233492448144,180.0,,0.871276850022081,0.01747393236975526,0.2119232851367926,0.0008400742977993287,0.00543070157772957,45.85207491713463,0.02126490710358672,2.3976036681840203,0.4817192507456654,0.16467934637567727,0.5126752277739695
117,crc_combo,-81.35701836170712,-81.35701836170712,-53.408026554472144,49.39731493165767,180.0,,3.9471516014416816,0.02530349677597727,0.1501386328871238,0.0006035347423609822,0.004059205085938349,38.05008123651275,0.0019336863276800272,3.420736332162334,0.631522720999535,0.4977519067185276,0.6228964609626945
118,crc_combo,-60.369650459229774,82.95084649819253,-49.51810702496269,53.10502531089001,35.0,57.666666666666664,3.8210152151594663,0.015679864265449477,0.12144743648033426,0.0003580627406533613,0.004438274039305698,23.363374929652668,0.0013440594236172455,1.8002263661038493,1.5075718647089829,0.1055803032191877,0.547294380397783
119,crc_combo,-86.18357079853027,-86.18357079853027,-69.00116448020223,13.493584094201738,180.0,,2.4915686169089635,0.02929389354034802,0.12653823270674314,0.0011009898147391148,0.007671319760424277,30.89964441629213,0.0029492898775204416,8.081042717706211,0.5485305367754788,0.0051894091534952815,0.8056761453453376
120,crc_combo,-7.8880547433114785,89.14193887719411,16.76044154068739,68.29194460140204,10.0,52.333333333333336,3.382275927896273,0.029717073181027554,0.10633881022689128,0.000525782142524829,0.002991692389776521,47.49289889866376,0.006504232808237134,4.418229812471007,0.8272553098675502,0.11438893696353572,0.3301048116115401
121,crc_combo,-97.1256512569789,-97.1256512569789,-75.15307111174823,42.94206694089355,180.0,,3.2099775947777593,0.024596441137095488,0.181335112088139,0.00045766099313673494,0.00944909094960201,42.806100263611306,0.0030237885229986204,6.387772439564704,0.32664059259857164,0.47240863766517677,0.45159251299921666
122,crc_combo,-98.7209074039506,-98.7209074039506,-90.59089645598058,28.411526218223116,180.0,,1.4957380595649705,0.03258277219616199,0.09605502147148626,0.0005433762868203479,0.005951199225515536,39.03369732586661,0.001568305219184069,2.470108178830817,0.7545004097272023,0.07745898281361217,0.4975109265237058
123,crc_combo,-59.314829311651394,-59.314829311651394,-39.33432387222642,51.05171885433847,180.0,,4.087369737464327,0.020800838677048784,0.13045891230276266,0.0010158959976063048,0.005237014037681828,30.52486992234465,0.0066293431037351466,3.759113049363644,0.6084589843482862,0.11842517440953688,0.572337105398545
124,crc_combo,-11.73516333258764,-10.598755873627697,-11.673494051329747,55.773986974462765,51.0,,2.87719450599186,0.014010297688151974,0.17030880320349787,0.0006742293518950025,0.0034495883638661134,27.136715867960323,0.004058588897890315,4.664602235262478,0.7484862418514817,0.534535601730435,0.6195929683455879
125,crc_combo,-86.23978023725614,-86.23978023725614,-59.37408221959664,52.15831184585865,180.0,,2.782399587873413,0.026575038050250615,0.15886479151087768,0.000575452343881988,0.0064843549563855475,37.74285805918699,0.008615807896393178,3.1797411701331266,0.7144657558826525,0.06523856062580209,0.4644151297978875
126,crc_combo,-1.0824900161784168,349.2323843604739,108.25964268223291,75.71096880198593,3.0,24.333333333333332,3.7456408201449496,0.0249361867123096,0.13365886879231917,0.0007250319477805689,0.0020956095216510397,35.67836053285447,0.004266057115540045,6.426322599261194,1.1024634933204407,0.22705811113723928,0.30692871396920796
127,crc_combo,-2.6598875701002833,399.99993846419477,391.01648785522036,93.90211098000081,2.3333333333333335,23.666666666666668,2.8947144208578237,0.016940298811097276,0.10290634421891125,0.0013239199521752516,0.00509711880117198,47.67634333985858,0.005791743962483712,2.6639600937825576,1.8153443176908406,0.27265086684444645,0.4571306170136343
128,crc_combo,-78.83515082615727,-78.83515082615727,-59.24932598072918,57.985876061753096,180.0,,2.732277286314338,0.019913155482181696,0.10033235434636499,0.0010681997428777616,0.008311485649837493,37.820872316856025,0.0032055059509862828,3.2219095639306925,0.8045029405739627,0.5080036838790719,0.5988114194835945
129,crc_combo,-5.554957220899803,384.5528182164256,137.1025096961021,69.9258304407909,8.0,29.333333333333332,3.104558129972683,0.02642543974774736,0.11099832050159013,0.001124402246338024,0.002536138396564116,22.76706808562694,0.0039572758607971555,1.5939282775318906,1.074157792209555,0.3219993513948313,0.4537546714137901
130,crc_combo,-7.2658973809796805,391.2474628276398,164.2987487204029,84.80836552312641,5.0,26.333333333333332,4.437115797204189,0.011778913531085986,0.15442186393155416,0.0003940232464554609,0.0031736550001208344,42.995840953117906,0.003901221712837696,2.6275269827360104,1.938280813787074,0.14198890008145187,0.3460522412255205
131,crc_combo,-48.25538915670779,-48.25538915670779,-36.11648486767356,32.06819789473753,180.0,,1.5546719584490634,0.01906088747770372,0.15265151369658717,0.0004520661840020939,0.0029158109453387964,40.03601572843867,0.0045600127091301275,3.0484124202842837,0.7753103731498373,0.0029232061517973336,0.46582899309841236
132,crc_combo,-24.718112696120475,388.7448782864558,132.51123534438446,64.50862972082074,8.0,29.333333333333332,2.6391009179632094,0.020594487497759138,0.143977334327293,0.0005839193656925175,0.0062661646315399335,44.05491221806511,0.004607970187491507,4.036902651479775,1.5590394948199906,0.004015087577164685,0.31732157708639996
133,crc_combo,-45.159355188886416,-45.159355188886416,-25.88636090552141,21.598203979416358,180.0,,2.93964957533004,0.02814559088899605,0.1761779266756927,0.0012893584289225208,0.003054271265031262,35.91955290627242,0.005318731546559019,8.786949863350761,0.20302643824762726,0.00633121015949524,0.6277734195101963
134,crc_combo,-23.44094501887154,399.83735595344336,285.4083559865683,60.47899328123373,7.0,28.333333333333332,1.8424716703339679,0.016125114796178334,0.15088230553362184,0.0011675669690562865,0.005220294137933913,39.901617415592405,0.005415549777862267,1.2158080994601912,1.4719599971011206,0.10661106683281685,0.5004338335521742
135,crc_combo,-99.23900390033589,-99.23900390033589,-86.31461783802582,23.86909010172556,180.0,,2.165220079555024,0.020449255919586365,0.14518364516941626,0.0006718694643683895,0.0056258995094285,43.361755592516836,0.00447237564680172,2.421605408768421,0.34340227133611967,0.026953231987799604,0.5506934840628214
136,crc_combo,-77.99724632445442,-77.99724632445442,-47.83360256923965,31.145760150564815,180.0,,2.850489111229022,0.023887479330046986,0.1310301794565564,0.0006088061982235643,0.00226363296668867,34.09569540781076,0.0036223815867412056,2.960691816467229,0.24863521979385542,0.08594924398219993,0.5457475018859921
137,crc_combo,-11.974606955753176,95.90061791797649,0.2581742595887837,86.51817653173335,25.0,72.66666666666667,12.877328828282192,0.026046986521606773,0.19072068727557584,0.0010805851639791755,0.003899982422897383,39.0858159292744,0.0010680143933046963,2.221687877320055,0.8796391457628439,0.2975271376123939,0.40395993451856704
138,crc_combo,-8.12450777622894,331.0443764211796,84.84599726813991,75.81739025935087,7.0,28.333333333333332,5.166334591698353,0.031052538392089445,0.10851287508616694,0.0006954015208465866,0.002940714725273305,28.663395035485674,0.005162208202188806,4.102394299726739,1.0870187165190137,0.020281454984703025,0.3850086053163734
139,crc_combo,-13.375131664021522,343.97722855281023,97.86189200021774,56.75569365802223,6.333333333333333,27.666666666666668,1.4455287683577869,0.028392162537786727,0.11653272093444669,0.0006919833911999344,0.00502619183612996,36.31744805538907,0.009665670717319209,5.256955707938487,1.1242645973880963,0.0033957062926068165,0.5179910986911419
140,crc_combo,-58.765592210216575,-58.765592210216575,-30.132768459073787,32.280548989587864,180.0,,6.241215091948788,0.018441774429896026,0.20383337747590796,0.0004910285470606255,0.00214754041786164,30.91237105104342,0.005487078616689672,5.442060840586735,0.14837462050056058,0.14742291152777964,0.7030180822777368
141,crc_combo,-98.31704956769032,-98.31704956769032,-87.40941739042947,56.26624953799156,180.0,,7.84697343140762,0.012959032639030246,0.18823757113510017,0.000842819504605161,0.010881165545201313,39.87836445869559,0.0019110718926307372,3.8680690631812737,0.7234008815915141,0.27703217301001803,0.63822881589872
142,crc_combo,-29.40082008111814,5.269539870790352,-26.762864903171714,77.79830115121821,40.0,110.33333333333333,8.741807189403374,0.023785615668907367,0.10909138182300947,0.00038614029705593593,0.004220586907467061,34.22602294040572,0.002748356409819805,1.98536010307539,1.008237923204129,0.40873110008762126,0.6058880045481854
143,crc_combo,-67.99493665607672,-67.99493665607672,-49.50776452037191,54.83074545003856,180.0,,4.640219254841673,0.012511621307827311,0.10226774630924737,0.0005671429638310797,0.004007436149085854,32.50408917919869,0.002464744320140575,4.464451512691301,0.5416764420471664,0.0639413317363335,0.5075188686905852
144,crc_combo,-72.54697023993629,-72.54697023993629,-60.36141242002785,37.69153936400896,180.0,,2.2823267894571004,0.029444132562872226,0.14408738964436943,0.0004717637934432998,0.005273802018969512,42.17754279808985,0.001461924036602665,4.947004351323284,0.9322969387035794,0.28469712035860256,0.6914662574680425
145,crc_combo,-64.4900527596935,-64.4900527596935,-38.31137169686881,43.92407097095842,180.0,,1.3421969316998776,0.034544032472467824,0.14265196536188504,0.0005582929390009771,0.004737120070158422,42.68559066642375,0.011390763005188412,4.400012087399817,0.660423831702114,0.004569613465606118,0.4453545837715684
146,crc_combo,-96.24106831584072,-96.24106831584072,-79.34520406045125,58.10234861135899,180.0,,3.9776265384713185,0.01912544084180337,0.12925439042042697,0.0008265866823776556,0.00610968457818632,19.466170647010596,0.0016433517011183996,3.2997649845241845,0.3539044970068473,0.17808070198660655,0.37409784682001945
147,crc_combo,-84.29348531306273,-84.29348531306273,-62.27090585482631,60.0892357519196,180.0,,2.9348881637106503,0.024481315991918398,0.12221218272603765,0.0007213126570033914,0.004514206196453909,31.291839069836218,0.003094056995015928,1.3881469107542934,0.7993873310797655,0.41216179192073904,0.4791708650821709
148,crc_combo,-95.69458493599474,-95.69458493599474,-75.97174427550885,27.405569863832046,180.0,,1.6681331484213047,0.018779111924524642,0.23516756972752617,0.0006307652999831523,0.004993670148824671,29.254274783334104,0.005753487982544181,1.6321512878037097,0.76703430238144,0.032219258156770555,0.7199978129024386
149,crc_combo,-91.32579782505495,-91.32579782505495,-73.64857957122592,18.537276620132072,180.0,,1.1376184171369077,0.02367553693897714,0.0869462776128897,0.0004100712884124629,0.004327830454291487,27.279025239286018,0.0019948979008713986,4.132515567616146,0.6463015398285755,0.017995563660032413,0.5932534305925643
150,crc_combo,-7.9709464448944,399.9746105425296,335.7671484708681,62.96859952852258,4.0,25.333333333333332,3.7210045981366093,0.03424885043151093,0.19619431648731003,0.0012499314071530094,0.004191346408774525,36.540713632023454,0.005178770301419977,9.99123830862401,1.543840591037724,3.93639238225021e-05,0.48786410184038104
151,crc_combo,-99.97437972449701,-99.97437972449701,-97.19202021958179,16.11201951401402,180.0,,1.8254659300786078,0.037519609229360935,0.06982561594895367,0.0003090663857747368,0.0073249547024706665,41.37062872009834,0.0025339574100682236,2.1406973624553745,0.3699153906800709,9.31984382941206e-06,0.681157147274135
152,crc_combo,-30.025160681931784,-30.025160681931784,-19.25754160618034,28.289662662919156,180.0,,3.432833062976936,0.021561032329671586,0.18581855098619832,0.0010261652480974927,0.002436120316325953,25.330115172343913,0.00306608056087085,6.263983007447831,0.4392080211355345,0.3336937445956309,0.7412707619403901
153,crc_combo,-41.91096278453897,-41.91096278453897,-21.904882899347854,48.61087631930406,180.0,,0.6307382480542789,0.02778956056700551,0.1185192614135997,0.0003671487028332022,0.002286506104091971,40.36481868675,0.0031209074862154937,4.6219140004813655,0.6647790781726722,0.5923776075629995,0.5391247370046922
154,crc_combo,-92.52638056561395,-92.52638056561395,-68.71085716367679,27.541948842262986,180.0,,1.6034958718608505,0.02682657024545153,0.07358009163158004,0.0004198000100306287,0.003151960984877317,40.473622896763246,0.001351281561432396,2.9948667432009772,0.46721925662156977,0.26736979308921227,0.602315048675343
155,crc_combo,-97.59869902624855,-97.59869902624855,-76.7124397355094,54.94569662771642,180.0,,4.4440185454188,0.02103671579435424,0.11328786073259184,0.0006390347407934248,0.005690070808901635,42.25906195012771,0.009393611600717408,2.2827135995690044,0.3490818147940186,0.0389103455725929,0.49382958360920304
156,crc_combo,-11.8074383339824,98.64687514254528,14.78984993902821,39.524644316384624,11.0,49.333333333333336,2.4343961611221387,0.032941866040310144,0.13498690602295133,0.0007413056094730285,0.005149182690474359,40.88152139034925,0.005586219166546612,14.223365893780215,0.78932371165794,0.020919343761440546,0.5450071821384493
157,crc_combo,-15.608354254495172,381.64618170589915,112.27090353519897,68.81060437235888,8.0,29.333333333333332,3.182566661972151,0.030766389266904132,0.10819388074660953,0.000316841609393605,0.004260163270671537,24.500159849797626,0.0031887906443098524,5.090270584208783,2.1071472500905917,0.05519445792480684,0.4629867011977615
158,crc_combo,-97.94431557081433,-97.94431557081433,-79.70268594949317,10.982626069477986,180.0,,1.5211187795300691,0.018262164794723798,0.16148597736367415,0.0006767512167832819,0.003497186736119673,27.667275231141943,0.003460764868018603,1.9623236151474754,0.3204002187452915,0.012455862744122866,0.7241530001644333
159,crc_combo,-2.459220585270505,96.02730174092096,16.402060159870423,59.28513369535426,12.0,64.66666666666667,4.558568794281141,0.06759255130791575,0.09937953920580579,0.0011389247464752249,0.002064629706027714,25.078736890118016,0.0016822919085971407,5.139652531571288,0.573652551842028,0.3501299073190208,0.5539290434174347
160,crc_combo,-75.7940912486661,-75.7940912486661,-42.80968828779914,36.904425973346,180.0,,2.7029070190135185,0.02719037277529788,0.2888199798219006,0.0006876229899770526,0.0030049436975753572,30.59357929503258,0.004130192855575566,3.9837695113743923,0.2943358976369836,0.446018551678753,0.4325675493015481
161,crc_combo,-98.9803211599082,-98.9803211599082,-89.02798210774614,45.73150606707758,180.0,,4.270379822857835,0.036021084119539575,0.15186069742844013,0.0004050847823582402,0.004914645987354555,37.15523968020519,0.0012507770284120804,1.8661765974145927,0.6886773223580008,0.1391382508253884,0.5381364073082012
162,crc_combo,-21.909533371398126,58.5575883905324,-5.046440283794674,50.68312136884173,18.666666666666668,60.666666666666664,3.69002143847971,0.027409581105852572,0.24282770143826973,0.00020347573948540477,0.003960524660228292,33.70064247012419,0.004295552995079203,4.3166543947541856,1.1334356419207434,0.1130009751172529,0.5737967629657988
163,crc_combo,-66.25757916342661,-66.25757916342661,-44.394570172725814,57.30482311797407,180.0,,4.86031453582277,0.030579140693804407,0.1486815688864303,0.000895745995887407,0.0027528575329560274,41.480252921479185,0.004409644319654605,1.2498089401239594,0.5872714029811429,0.04614529251494824,0.4693112603663678
164,crc_combo,-80.36035189630265,-80.36035189630265,-49.80171839753894,60.512810269763484,180.0,,7.047827865051947,0.03961633148354257,0.1656256806704187,0.0006467120757364465,0.0037217761742060233,55.285368195204384,0.00747353393937192,2.8306653749704394,0.26144976821552046,0.009696552922655938,0.5039762713707256
165,crc_combo,-81.12633366028136,-81.12633366028136,-48.74583347027057,49.11653681677796,180.0,,1.6749869839294704,0.017665677196514757,0.10659533267235982,0.0005957446677143677,0.003087524374532173,24.840187208189462,0.010396918089274608,2.056000945455237,0.527607634345922,0.1874237512431293,0.41436888617487655
166,crc_combo,-14.489042219258785,45.305359038018025,-1.492041078180606,34.624428380532954,17.0,74.66666666666667,2.663524331523386,0.022427010937213002,0.11947519596298545,0.0005176627531964448,0.0025026651862687654,36.82980781944665,0.005086648957990504,5.047845720717049,0.8671770362571635,0.013404157483111035,0.658428108050859
167,crc_combo,-14.47380993981795,-11.418817461059017,-13.990496759524262,52.031320638112,35.0,,3.553163430838043,0.04160810911831086,0.22374177296194012,0.0003250432987326814,0.0030731924300954646,23.631499448548944,0.005386243293982976,5.69498396253191,0.817841224112611,0.11685373699094329,0.5103306038358731
168,crc_combo,-80.89646648472234,-80.89646648472234,-66.86283322513744,50.907489264093705,180.0,,3.8693624185712117,0.016505114792870614,0.13893873930825007,0.0004875801026181729,0.004836021851707514,41.128974365602254,0.001880817984682075,2.848868296147093,0.8537272302625064,0.16251187778575452,0.4846617672795825
169,crc_combo,-38.71772997564701,139.15571375470967,-13.30221407219112,74.05785751803428,22.0,47.666666666666664,4.364429403391332,0.02343142450423886,0.08994168923504497,0.0005129316303542802,0.005551648762798861,35.86073393281638,0.004501807374220877,1.8925052572389451,0.980483794224895,0.00026504455424846654,0.32930117394939
170,crc_combo,-4.238578576857222,399.9999999999934,399.8802220337353,94.04573527445028,2.6666666666666665,24.0,4.97835459004112,0.025075301841292086,0.09786951897904579,0.0008352044200071587,0.0029672446998563707,25.8726243106993,0.0036718282160203273,3.927599835198987,3.4760627723902484,0.06634510755545693,0.569155006528849
171,crc_combo,-8.312847909990639,307.90475671672004,67.79870439140299,54.17295091707048,9.0,30.666666666666668,2.9976695867405194,0.02841870009281634,0.11049101504417808,0.0005613242823069403,0.002592537074500315,63.363442922595155,0.0038369661868319326,6.16084018048686,1.1902839485496395,0.06859807647037444,0.42148916629157007
172,crc_combo,-98.73559577904565,-98.73559577904565,-86.13891999019098,12.415011580261542,180.0,,1.1158890561719614,0.021239722813233764,0.13633821666565363,0.0008818030651977977,0.008956678274428897,36.79084780655905,0.00328784447469096,5.9667536186086565,0.3442070637893109,0.02449654290174137,0.6464713769764048
173,crc_combo,-31.17018189292704,293.5777184780407,42.86730286414537,61.51718810184805,11.0,32.333333333333336,4.722794248993124,0.01802967372764672,0.16614036351177594,0.0005491264643683922,0.005463270063698239,32.96356421135617,0.005892687316096089,1.7155357796063195,1.2264633943227479,0.028523836035221743,0.5754990219642584
174,crc_combo,-97.5232747373781,-97.5232747373781,-88.7971234418195,20.23502490990689,180.0,,1.9679623060215274,0.02315125229282665,0.13165486604838483,0.0007724224576509908,0.006245074135735154,44.850776083113225,0.0020779040986914667,2.3537041435229216,0.8139218760042186,0.03867663044362487,0.6595338416473417
175,crc_combo,-44.33587834190427,-31.652594157416804,-44.27587754542921,38.96421571826168,67.0,170.0,2.8379811571727527,0.028671420404219192,0.1714000236620574,0.001062963636793172,0.002782204083480057,30.323153575575486,0.001308389942947942,3.820376263205772,0.6706041628819012,0.05234366890901978,0.43508499299333686
176,crc_combo,-4.634783405035181,17.011272066441062,-0.2213468603530333,56.412078092198485,20.0,162.66666666666666,6.155358095751422,0.01711718686183806,0.1480203622195875,0.0005298240032748151,0.0009448213503997085,44.26373008064762,0.0030421594037439567,2.6379674337570114,0.5360170238768395,0.2143825791537303,0.5526082154223873
177,crc_combo,-89.66887782826689,-89.66887782826689,-60.254639954424974,41.08194173943147,180.0,,1.858590832691591,0.02549994631932084,0.19280767636425075,0.0011030265433106116,0.0049697535935423415,33.31273942650482,0.005643677488488199,3.5498928821363878,0.2877700546672102,0.25147384341374535,0.25150508936208416
178,crc_combo,-2.985545696462033,363.5681174069133,107.0341856045519,82.16178874472222,6.0,27.333333333333332,3.6116546485341394,0.024036118685127696,0.16075253518939372,0.00043075636424974253,0.002181554339831247,29.588472097965465,0.0024877739644630086,2.55609043369439,1.6447526202198743,0.32044129771528684,0.39919143143223196
179,crc_combo,-91.99064070611193,-91.99064070611193,-71.7864569945468,18.08397060438209,180.0,,1.2414496477949934,0.030342313502541827,0.12088347462373378,0.0009727832146227757,0.00804490690937017,56.16390430984774,0.0033878557441767852,6.792963255681789,0.5110262110555968,0.0756650268102195,0.631303840816039
180,crc_combo,-33.79784280441649,-33.79784280441649,-24.98562686138135,42.05657221873357,180.0,,3.2374385595988553,0.019243071940751134,0.1169153999915256,0.0004772306179116808,0.0046683144184060795,37.35285484989653,0.0035751976888631206,11.213878375912456,0.563926195712498,0.09733201753880873,0.5291119619538327
181,crc_combo,-92.69968739919247,-92.69968739919247,-72.56629875101352,44.05514883694839,180.0,,2.1880346509952875,0.033373282828698364,0.12570803544018688,0.0007040676404771794,0.004542045482509265,36.60753415643416,0.003754057663490526,1.8388974487474483,0.6214965956049753,0.010966690415314442,0.3530343159640261
182,crc_combo,-6.078061740448093,45.28588113905874,6.056501270347758,70.28132397661018,14.0,83.66666666666667,8.156306144836273,0.016966907125808336,0.09474217484122059,0.0007079639566438687,0.0013564720335564253,26.961282129925767,0.00364269174025397,2.140266757566321,0.5064100584364833,0.010353960554641266,0.5279005831377231
183,crc_combo,-13.780892974200952,333.6079717680788,73.9412286502947,62.21725679539437,11.0,32.333333333333336,4.1605552857929755,0.04091820913652899,0.30431952231137627,0.0008726536622094662,0.003395238507153375,45.73368529161731,0.005046137662772616,2.2369559798729806,1.0228642228676998,0.15469226801751415,0.38271123100228616
184,crc_combo,-27.96370335800721,-27.96370335800721,-19.625529524348362,65.91184017063699,180.0,,6.370840708409874,0.022149838868994236,0.1203528615435762,0.0012109894922397652,0.0028014815202548745,22.30166198374882,0.007504388492895219,1.6639856128289752,0.4439930438176756,0.05121200277210624,0.5087779259652195
185,crc_combo,-97.57578364395287,-97.57578364395287,-76.17111296610011,43.63969189349623,180.0,,5.411896665395754,0.017974899433611264,0.2708601968796207,0.0004811891679072452,0.003217863263822231,28.848976029291745,0.002996240924564755,1.3190671823242146,0.37614159084309784,0.37619383900977627,0.5972190145772853
186,crc_combo,-78.38955527683171,-78.38955527683171,-51.1821728117753,41.70422577926248,180.0,,3.7894367388624834,0.02065308011486014,0.17851182570847346,0.0005077756954816805,0.0015700071550429388,52.749852117360035,0.002175551744341844,1.0399290146887954,0.4516753387339562,0.009497832991511043,0.4084169075469317
187,crc_combo,-88.1093581523977,-88.1093581523977,-62.207190050161785,23.805930889042795,180.0,,2.669796255529332,0.018111943583027465,0.17453727673038041,0.0004343506554207324,0.005883922424639913,30.16247716426191,0.0024228935274218572,7.1569949711643,0.4983483520004673,0.21160645508348208,0.7123080116929561
188,crc_combo,-56.1065962265932,-56.1065962265932,-40.885483638547896,20.05404041406159,180.0,,1.5723768561873228,0.03193853267134108,0.21416433522443568,0.0006836065759149416,0.0033293146507044225,53.967973791636055,0.0021475702332340394,7.453923739329648,0.4871588058176921,0.04860006821079229,0.4489881398707354
189,crc_combo,-64.64395892452254,-64.64395892452254,-53.634630370339956,37.34699345384178,180.0,,1.8986066748832056,0.02074228567114201,0.09263772953427689,0.0011592380006789815,0.003526070014866091,29.497743490190498,0.001508795058043044,3.473288130519906,0.5964603728849133,0.1959366732174036,0.4867177138667898
190,crc_combo,-76.49819664760808,-76.49819664760808,-61.805330840647954,35.643286324571285,180.0,,1.5029031010323577,0.025866420968201416,0.086458205293045,0.0005316182194602328,0.003266218827574468,26.463827535158654,0.0018144336931746026,3.3281517568116348,0.6712579407330422,0.008440845881653317,0.37912146386187456
191,crc_combo,-92.254322779725,-92.254322779725,-66.6354575128393,24.94709683174704,180.0,,1.393754702839236,0.032752447830639964,0.16285281925900205,0.00033903954544668886,0.006758517581614524,19.89696145564096,0.0019030680648539995,9.159827376067142,0.11640989299941737,0.2397638150840927,0.38892651694030045
192,crc_combo,-92.79464147852288,-92.79464147852288,-66.22502042593175,34.53621806839128,180.0,,2.908108615834722,0.04467275512007565,0.1820532716293259,0.0005868742266681755,0.0033518652556634608,37.023265722546746,0.005248513580868667,2.173471837529204,0.376599129797547,0.001069489520670662,0.5026456734620007
193,crc_combo,-16.14214600784808,372.23183026750286,76.48919991421172,63.90550979857482,14.0,35.333333333333336,3.138154008968939,0.02329287662740468,0.12531333954145799,0.0007865063877342743,0.003417068270473555,37.649646684194416,0.0021329963766738413,3.38054656863851,1.3279295518090504,0.1566911320335258,0.35805356453026405
194,crc_combo,-67.61132222507482,-67.61132222507482,-37.87707008861727,84.45622667007866,180.0,,12.371619752580175,0.028807467387990556,0.10487989827142025,0.0009112681853517844,0.0032720200259962954,37.449116444868196,0.01447319230439933,0.712032790380928,0.3163409239046708,0.00119376352634503,0.4681169995236072
195,crc_combo,-99.99991297582686,-99.99991297582686,-99.8163661560048,71.75029081713863,180.0,,8.938732670881807,0.026157384138266557,0.1271883652214564,0.0006174163659700669,0.012064243659416834,27.56364570097207,0.0006114335533543069,1.8315417968555454,0.28099323110783603,0.04120339575863924,0.4825808232065443
196,crc_combo,-99.90190883958647,-99.90190883958647,-96.23559256426549,12.198192714646547,180.0,,3.0178915407973754,0.013348769645855506,0.09237924388398051,0.00047440818891967326,0.009133758813541587,48.43739419754163,0.0015329282304829123,4.065663969975156,0.5181375718407688,0.10014116302726585,0.85
197,crc_combo,-79.48126077925174,18.861571342157646,-79.43896248135678,16.894660596555255,61.0,87.66666666666667,1.6345894583516007,0.022554507900236862,0.17395103024887326,0.0006549262979096006,0.004000322455273983,32.81501167331945,0.0008420933741057753,2.6107615833203552,1.4543452254068558,0.014269745497061587,0.6343058992732246
198,crc_combo,-38.84321766775637,141.9041867418016,-19.27613212149434,16.91491640328936,28.0,54.0,1.3583233421909955,0.023962543643184717,0.2550319089350543,0.00037892343674574816,0.003577412894909121,31.622316446840077,0.001782243068669728,5.714888355626343,1.3813385909477807,0.006008084657773745,0.7538913814958536
199,crc_combo,-41.06232555635969,-41.06232555635969,-23.964867411863857,36.86424070082883,180.0,,3.2689786793242614,0.023193317128770246,0.2476138835448221,0.00044317407372779563,0.0017242567519382699,29.426278575466196,0.0026214793439089416,5.86140529063129,0.3035111782986779,0.08968774366698723,0.4389782476797322
200,crc_combo,-94.68683969725397,-94.68683969725397,-72.73827892960117,28.252883467485606,180.0,,2.5175568630777496,0.024995436370824967,0.17917197416098282,0.0007354415232234834,0.002733485338571835,38.770463108416756,0.001412324995481507,1.4458858329915392,0.5923690485903952,0.3368000601931621,0.7307769835093102
