study_id,study_label,grouping,time_h,conc_ngml,sd_ngml,n,dose_mg
49,Ahonen 1995,Control (Perpetrator Placebo),0.0,0.0,,12,7.5
49,Ahonen 1995,Control (Perpetrator Placebo),0.5,15.6351,23.0919,12,7.5
49,Ahonen 1995,Control (Perpetrator Placebo),1.0,28.0034,16.0241,12,7.5
49,Ahonen 1995,Control (Perpetrator Placebo),1.5,23.5013,10.8416,12,7.5
49,Ahonen 1995,Control (Perpetrator Placebo),2.0,18.455,,12,7.5
49,Ahonen 1995,Control (Perpetrator Placebo),3.0,11.7641,,12,7.5
49,Ahonen 1995,Control (Perpetrator Placebo),4.0,8.4751,,12,7.5
49,Ahonen 1995,Control (Perpetrator Placebo),5.0,5.3221,,12,7.5
49,Ahonen 1995,Control (Perpetrator Placebo),6.0,4.0738,,12,7.5
49,Ahonen 1995,Control (Perpetrator Placebo),7.0,3.5058,,12,7.5
49,Ahonen 1995,Control (Perpetrator Placebo),17.0,0.5447,,12,7.5
50,Ahonen 1995,with Perpetrator (Itraconazole),74.0,0.0,,12,7.5
50,Ahonen 1995,with Perpetrator (Itraconazole),74.5,40.26,61.2704,12,7.5
50,Ahonen 1995,with Perpetrator (Itraconazole),75.0,64.1932,41.4759,12,7.5
50,Ahonen 1995,with Perpetrator (Itraconazole),75.5,64.4534,25.4501,12,7.5
50,Ahonen 1995,with Perpetrator (Itraconazole),76.0,63.4891,22.151,12,7.5
50,Ahonen 1995,with Perpetrator (Itraconazole),77.0,54.0767,16.4954,12,7.5
50,Ahonen 1995,with Perpetrator (Itraconazole),78.0,46.1614,16.0241,12,7.5
50,Ahonen 1995,with Perpetrator (Itraconazole),79.0,34.5732,16.9667,12,7.5
50,Ahonen 1995,with Perpetrator (Itraconazole),80.0,27.8829,12.725,12,7.5
50,Ahonen 1995,with Perpetrator (Itraconazole),81.0,24.8664,,12,7.5
50,Ahonen 1995,with Perpetrator (Itraconazole),91.0,10.0673,,12,7.5
51,Allonen 1981,oral,0.1666666716337204,10.3399,24.8122,6,15.0
51,Allonen 1981,oral,0.3333333432674408,173.1485,28.2111,6,15.0
51,Allonen 1981,oral,0.75,173.8283,13.2558,6,15.0
51,Allonen 1981,oral,1.0,153.7746,22.093,6,15.0
51,Allonen 1981,oral,1.5,153.0948,27.1914,6,15.0
51,Allonen 1981,oral,2.0,130.6619,19.3739,6,15.0
51,Allonen 1981,oral,2.5,120.1252,11.2165,6,15.0
51,Allonen 1981,oral,3.0,105.1699,13.5957,6,15.0
51,Allonen 1981,oral,4.0,86.4758,17.6744,6,15.0
51,Allonen 1981,oral,5.0,61.6637,13.9356,6,15.0
51,Allonen 1981,oral,6.0,30.7335,14.2755,6,15.0
51,Allonen 1981,oral,7.0,15.0984,18.6941,6,15.0
53,Backman 1996,Control (Perpetrator Placebo),0.5,8.5872,10.0961,10,15.0
53,Backman 1996,Control (Perpetrator Placebo),1.0,46.5688,24.0217,10,15.0
53,Backman 1996,Control (Perpetrator Placebo),1.5,43.4862,14.6219,10,15.0
53,Backman 1996,Control (Perpetrator Placebo),2.0,37.4312,9.3998,10,15.0
53,Backman 1996,Control (Perpetrator Placebo),3.0,23.6697,9.7479,10,15.0
53,Backman 1996,Control (Perpetrator Placebo),4.0,17.0642,8.3554,10,15.0
53,Backman 1996,Control (Perpetrator Placebo),5.0,10.4587,5.2221,10,15.0
53,Backman 1996,Control (Perpetrator Placebo),6.0,7.4862,3.4814,10,15.0
53,Backman 1996,Control (Perpetrator Placebo),8.0,5.0642,,10,15.0
53,Backman 1996,Control (Perpetrator Placebo),10.0,3.3028,,10,15.0
54,Backman 1996,with Perpetrator (Rifampicin),113.5,1.9817,,10,15.0
54,Backman 1996,with Perpetrator (Rifampicin),114.0,2.2018,,10,15.0
54,Backman 1996,with Perpetrator (Rifampicin),114.5,2.2018,,10,15.0
54,Backman 1996,with Perpetrator (Rifampicin),115.0,1.7615,,10,15.0
54,Backman 1996,with Perpetrator (Rifampicin),116.0,0.9908,,10,15.0
54,Backman 1996,with Perpetrator (Rifampicin),117.0,0.6606,,10,15.0
54,Backman 1996,with Perpetrator (Rifampicin),118.0,0.3303,,10,15.0
54,Backman 1996,with Perpetrator (Rifampicin),119.0,0.2202,,10,15.0
54,Backman 1996,with Perpetrator (Rifampicin),121.0,0.0,,10,15.0
54,Backman 1996,with Perpetrator (Rifampicin),123.0,0.0,,10,15.0
55,Backman 1998,Phase I (Control (Perpetrator Placebo)),0.5,25.1012,38.8664,9,15.0
55,Backman 1998,Phase I (Control (Perpetrator Placebo)),1.0,47.3684,38.8664,9,15.0
55,Backman 1998,Phase I (Control (Perpetrator Placebo)),1.5,53.8462,37.6518,9,15.0
55,Backman 1998,Phase I (Control (Perpetrator Placebo)),2.0,54.251,34.0081,9,15.0
55,Backman 1998,Phase I (Control (Perpetrator Placebo)),3.0,45.749,29.1498,9,15.0
55,Backman 1998,Phase I (Control (Perpetrator Placebo)),4.0,27.1255,21.8623,9,15.0
55,Backman 1998,Phase I (Control (Perpetrator Placebo)),5.0,18.6235,15.7895,9,15.0
55,Backman 1998,Phase I (Control (Perpetrator Placebo)),6.0,14.5749,,9,15.0
55,Backman 1998,Phase I (Control (Perpetrator Placebo)),8.0,8.9069,,9,15.0
55,Backman 1998,Phase I (Control (Perpetrator Placebo)),10.0,6.4777,,9,15.0
56,Backman 1998,Phase IV (during Perpetrator (Rifampicin)),113.5,2.0243,,9,15.0
56,Backman 1998,Phase IV (during Perpetrator (Rifampicin)),114.0,2.0243,,9,15.0
56,Backman 1998,Phase IV (during Perpetrator (Rifampicin)),114.5,1.2146,,9,15.0
56,Backman 1998,Phase IV (during Perpetrator (Rifampicin)),115.0,0.8097,,9,15.0
57,Backman 1998,Phase V (4 days after Perpetrator (Rifampicin)),185.5,10.9312,14.5749,9,15.0
57,Backman 1998,Phase V (4 days after Perpetrator (Rifampicin)),186.0,10.1215,,9,15.0
57,Backman 1998,Phase V (4 days after Perpetrator (Rifampicin)),186.5,7.6923,,9,15.0
57,Backman 1998,Phase V (4 days after Perpetrator (Rifampicin)),187.0,6.4777,,9,15.0
57,Backman 1998,Phase V (4 days after Perpetrator (Rifampicin)),188.0,3.2389,,9,15.0
57,Backman 1998,Phase V (4 days after Perpetrator (Rifampicin)),189.0,1.6194,,9,15.0
57,Backman 1998,Phase V (4 days after Perpetrator (Rifampicin)),190.0,1.2146,,9,15.0
58,Backman 1998,Phase II (during Perpetrator (Itraconazole)),74.5,121.4575,140.8906,9,15.0
58,Backman 1998,Phase II (during Perpetrator (Itraconazole)),75.0,144.5344,97.1661,9,15.0
58,Backman 1998,Phase II (during Perpetrator (Itraconazole)),75.5,165.1822,93.5222,9,15.0
58,Backman 1998,Phase II (during Perpetrator (Itraconazole)),76.0,161.9433,81.3766,9,15.0
58,Backman 1998,Phase II (during Perpetrator (Itraconazole)),77.0,142.915,54.6558,9,15.0
58,Backman 1998,Phase II (during Perpetrator (Itraconazole)),78.0,120.6478,46.1538,9,15.0
58,Backman 1998,Phase II (during Perpetrator (Itraconazole)),79.0,100.0,38.8664,9,15.0
58,Backman 1998,Phase II (during Perpetrator (Itraconazole)),80.0,87.8542,35.2227,9,15.0
58,Backman 1998,Phase II (during Perpetrator (Itraconazole)),82.0,69.2308,26.7206,9,15.0
58,Backman 1998,Phase II (during Perpetrator (Itraconazole)),84.0,54.6559,19.4332,9,15.0
58,Backman 1998,Phase II (during Perpetrator (Itraconazole)),93.0,26.7206,,9,15.0
59,Backman 1998,Phase III (4 days after Perpetrator (Itraconazole)),170.5,49.3927,70.4453,9,15.0
59,Backman 1998,Phase III (4 days after Perpetrator (Itraconazole)),171.0,94.7368,61.9433,9,15.0
59,Backman 1998,Phase III (4 days after Perpetrator (Itraconazole)),171.5,100.8097,54.6558,9,15.0
59,Backman 1998,Phase III (4 days after Perpetrator (Itraconazole)),172.0,102.4292,51.0123,9,15.0
59,Backman 1998,Phase III (4 days after Perpetrator (Itraconazole)),173.0,75.7085,44.9393,9,15.0
59,Backman 1998,Phase III (4 days after Perpetrator (Itraconazole)),174.0,54.251,36.4372,9,15.0
59,Backman 1998,Phase III (4 days after Perpetrator (Itraconazole)),175.0,40.8907,27.9352,9,15.0
59,Backman 1998,Phase III (4 days after Perpetrator (Itraconazole)),176.0,34.0081,25.5061,9,15.0
59,Backman 1998,Phase III (4 days after Perpetrator (Itraconazole)),178.0,23.4818,25.5061,9,15.0
59,Backman 1998,Phase III (4 days after Perpetrator (Itraconazole)),180.0,17.8138,20.6478,9,15.0
59,Backman 1998,Phase III (4 days after Perpetrator (Itraconazole)),189.0,7.2874,,9,15.0
104,Bornemann 1986,1 h after a meal,1.5,17.0074,,18,15.0
104,Bornemann 1986,1 h after a meal,1.75,26.7606,,18,15.0
104,Bornemann 1986,1 h after a meal,2.0,32.6278,,18,15.0
104,Bornemann 1986,1 h after a meal,2.25,35.018,,18,15.0
104,Bornemann 1986,1 h after a meal,2.5,35.0131,,18,15.0
104,Bornemann 1986,1 h after a meal,3.0,36.0089,,18,15.0
104,Bornemann 1986,1 h after a meal,4.0,28.891,,18,15.0
104,Bornemann 1986,1 h after a meal,5.0,24.8827,,18,15.0
104,Bornemann 1986,1 h after a meal,6.0,13.6177,,18,15.0
104,Bornemann 1986,1 h after a meal,7.0,10.2511,,18,15.0
104,Bornemann 1986,1 h after a meal,8.0,6.5102,,18,15.0
104,Bornemann 1986,1 h after a meal,9.0,5.0061,,18,15.0
104,Bornemann 1986,1 h after a meal,11.0,2.9183,,18,15.0
105,Bornemann 1986,1 h before a meal,0.25,12.1064,,18,15.0
105,Bornemann 1986,1 h before a meal,0.5,64.8891,,18,15.0
105,Bornemann 1986,1 h before a meal,0.75,60.4423,,18,15.0
105,Bornemann 1986,1 h before a meal,1.0,58.3311,,18,15.0
105,Bornemann 1986,1 h before a meal,1.25,53.1899,,18,15.0
105,Bornemann 1986,1 h before a meal,1.5,45.8313,,18,15.0
105,Bornemann 1986,1 h before a meal,2.0,35.0032,,18,15.0
105,Bornemann 1986,1 h before a meal,3.0,23.0306,,18,15.0
105,Bornemann 1986,1 h before a meal,4.0,16.9724,,18,15.0
105,Bornemann 1986,1 h before a meal,5.0,10.8552,,18,15.0
105,Bornemann 1986,1 h before a meal,6.0,7.7214,,18,15.0
105,Bornemann 1986,1 h before a meal,7.0,5.8954,,18,15.0
105,Bornemann 1986,1 h before a meal,8.0,4.4066,,18,15.0
105,Bornemann 1986,1 h before a meal,10.0,2.7381,,18,15.0
106,Bornemann 1986,with a meal,0.25,7.2176,,18,15.0
106,Bornemann 1986,with a meal,0.5,42.7216,,18,15.0
106,Bornemann 1986,with a meal,0.75,46.8352,,18,15.0
106,Bornemann 1986,with a meal,1.0,42.7082,,18,15.0
106,Bornemann 1986,with a meal,1.25,47.1544,,18,15.0
106,Bornemann 1986,with a meal,1.5,41.5027,,18,15.0
106,Bornemann 1986,with a meal,2.0,39.2043,,18,15.0
106,Bornemann 1986,with a meal,3.0,29.7218,,18,15.0
106,Bornemann 1986,with a meal,4.0,22.8546,,18,15.0
106,Bornemann 1986,with a meal,5.0,15.0375,,18,15.0
106,Bornemann 1986,with a meal,6.0,9.6862,,18,15.0
106,Bornemann 1986,with a meal,7.0,6.6974,,18,15.0
106,Bornemann 1986,with a meal,8.0,5.0774,,18,15.0
106,Bornemann 1986,with a meal,10.0,2.981,,18,15.0
106,Bornemann 1986,with a meal,12.0,1.9742,,18,15.0
107,Bornemann 1986,fasting condition,0.25,11.3585,,18,15.0
107,Bornemann 1986,fasting condition,0.5,50.9995,,18,15.0
107,Bornemann 1986,fasting condition,0.75,53.9648,,18,15.0
107,Bornemann 1986,fasting condition,1.0,52.0787,,18,15.0
107,Bornemann 1986,fasting condition,1.25,49.2015,,18,15.0
107,Bornemann 1986,fasting condition,1.5,42.6961,,18,15.0
107,Bornemann 1986,fasting condition,2.0,41.1976,,18,15.0
107,Bornemann 1986,fasting condition,3.0,30.7935,,18,15.0
107,Bornemann 1986,fasting condition,4.0,21.4428,,18,15.0
107,Bornemann 1986,fasting condition,5.0,14.2088,,18,15.0
107,Bornemann 1986,fasting condition,6.0,9.0879,,18,15.0
107,Bornemann 1986,fasting condition,7.0,7.5013,,18,15.0
107,Bornemann 1986,fasting condition,8.0,4.6636,,18,15.0
107,Bornemann 1986,fasting condition,10.0,2.6056,,18,15.0
112,Chung 2006,Control (Perpetrator Placebo),0.5,22.3581,12.4453,18,
112,Chung 2006,Control (Perpetrator Placebo),1.0,18.4656,5.1139,18,
112,Chung 2006,Control (Perpetrator Placebo),1.5,14.5731,4.2639,18,
112,Chung 2006,Control (Perpetrator Placebo),2.0,11.0223,5.1154,18,
112,Chung 2006,Control (Perpetrator Placebo),3.0,6.1359,3.2403,18,
112,Chung 2006,Control (Perpetrator Placebo),4.0,3.9777,2.0478,18,
112,Chung 2006,Control (Perpetrator Placebo),6.0,2.0448,1.0235,18,
113,Chung 2006,with Perpetrator (Rifampicin),166.25,3.5795,1.875,18,
113,Chung 2006,with Perpetrator (Rifampicin),166.5,3.5795,1.1932,18,
113,Chung 2006,with Perpetrator (Rifampicin),167.0,2.5568,0.6818,18,
113,Chung 2006,with Perpetrator (Rifampicin),167.5,1.3636,0.8523,18,
113,Chung 2006,with Perpetrator (Rifampicin),168.0,1.0227,0.3409,18,
114,Chung 2006,with Perpetrator (Ketoconazole),118.5,53.3361,27.5001,18,
114,Chung 2006,with Perpetrator (Ketoconazole),119.0,48.1723,16.6672,18,
114,Chung 2006,with Perpetrator (Ketoconazole),120.0,40.0109,12.3339,18,
114,Chung 2006,with Perpetrator (Ketoconazole),122.0,29.3554,11.0002,18,
114,Chung 2006,with Perpetrator (Ketoconazole),124.0,21.867,7.5,18,
114,Chung 2006,with Perpetrator (Ketoconazole),126.0,17.0445,6.9998,18,
114,Chung 2006,with Perpetrator (Ketoconazole),130.0,12.3998,4.6665,18,
114,Chung 2006,with Perpetrator (Ketoconazole),142.0,5.1333,3.1674,18,
114,Chung 2006,with Perpetrator (Ketoconazole),148.0,5.167,2.5002,18,
118,Darwish 2008,oral,0.17,3.6858,4.195,24,5.0
118,Darwish 2008,oral,0.33,13.4596,7.7715,24,5.0
118,Darwish 2008,oral,0.5,15.2569,9.981,24,5.0
118,Darwish 2008,oral,0.75,14.8378,6.3351,24,5.0
118,Darwish 2008,oral,1.0,13.8398,5.909,24,5.0
118,Darwish 2008,oral,1.5,11.3881,4.8622,24,5.0
118,Darwish 2008,oral,2.0,8.6195,3.6802,24,5.0
118,Darwish 2008,oral,2.5,7.0926,3.0282,24,5.0
118,Darwish 2008,oral,3.0,5.7555,2.4573,24,5.0
118,Darwish 2008,oral,4.0,4.2366,0.8855,24,5.0
118,Darwish 2008,oral,6.0,2.0823,0.8891,24,5.0
118,Darwish 2008,oral,9.0,1.1764,0.5023,24,5.0
118,Darwish 2008,oral,12.0,0.693,0.4533,24,5.0
118,Darwish 2008,oral,24.0,0.1436,0.2005,24,5.0
128,Eap 2004,0.075 mg Control (Perpetrator Placebo),0.5,0.2437,1.5987,21,0.075
128,Eap 2004,0.075 mg Control (Perpetrator Placebo),1.0,0.2283,1.3321,21,0.075
128,Eap 2004,0.075 mg Control (Perpetrator Placebo),1.5,0.1606,1.4979,21,0.075
128,Eap 2004,0.075 mg Control (Perpetrator Placebo),2.0,0.1058,1.5576,21,0.075
128,Eap 2004,0.075 mg Control (Perpetrator Placebo),3.0,0.0653,1.8213,21,0.075
128,Eap 2004,0.075 mg Control (Perpetrator Placebo),4.0,0.051,1.7288,21,0.075
128,Eap 2004,0.075 mg Control (Perpetrator Placebo),6.0,0.0383,1.6409,21,0.075
129,Eap 2004,0.075 mg with Perpetrator (Rifampicin),90.5,0.0497,1.1693,4,0.075
129,Eap 2004,0.075 mg with Perpetrator (Rifampicin),91.0,0.0636,1.3495,4,0.075
129,Eap 2004,0.075 mg with Perpetrator (Rifampicin),91.5,0.0409,2.102,4,0.075
129,Eap 2004,0.075 mg with Perpetrator (Rifampicin),92.0,0.0311,1.248,4,0.075
129,Eap 2004,0.075 mg with Perpetrator (Rifampicin),93.0,0.0378,1.4404,4,0.075
129,Eap 2004,0.075 mg with Perpetrator (Rifampicin),94.0,0.0311,,4,0.075
130,Eap 2004,0.075 mg with Perpetrator (Ketoconazole),48.5,1.0354,1.2644,4,0.075
130,Eap 2004,0.075 mg with Perpetrator (Ketoconazole),49.0,1.0767,1.2159,4,0.075
130,Eap 2004,0.075 mg with Perpetrator (Ketoconazole),49.5,0.8405,1.1542,4,0.075
130,Eap 2004,0.075 mg with Perpetrator (Ketoconazole),50.0,0.6647,1.2159,4,0.075
130,Eap 2004,0.075 mg with Perpetrator (Ketoconazole),51.0,0.5122,1.3852,4,0.075
130,Eap 2004,0.075 mg with Perpetrator (Ketoconazole),52.0,0.3698,1.4034,4,0.075
130,Eap 2004,0.075 mg with Perpetrator (Ketoconazole),54.0,0.2167,1.7514,4,0.075
131,Eap 2004,7.5 mg Control (Perpetrator Placebo),0.5,23.3305,1.5374,13,7.5
131,Eap 2004,7.5 mg Control (Perpetrator Placebo),1.0,15.9872,1.3673,13,7.5
131,Eap 2004,7.5 mg Control (Perpetrator Placebo),1.5,13.8519,1.3321,13,7.5
131,Eap 2004,7.5 mg Control (Perpetrator Placebo),2.0,10.9553,1.4593,13,7.5
131,Eap 2004,7.5 mg Control (Perpetrator Placebo),3.0,7.5071,1.5987,13,7.5
131,Eap 2004,7.5 mg Control (Perpetrator Placebo),4.0,4.8829,1.6197,13,7.5
131,Eap 2004,7.5 mg Control (Perpetrator Placebo),6.0,2.4156,1.8694,13,7.5
131,Eap 2004,7.5 mg Control (Perpetrator Placebo),8.0,1.4914,1.8939,13,7.5
132,Eap 2004,7.5 mg with Perpetrator (Rifampicin),114.5,2.8245,1.1846,4,7.5
132,Eap 2004,7.5 mg with Perpetrator (Rifampicin),115.0,1.2265,1.2002,4,7.5
132,Eap 2004,7.5 mg with Perpetrator (Rifampicin),115.5,0.7475,1.1392,4,7.5
132,Eap 2004,7.5 mg with Perpetrator (Rifampicin),116.0,0.4496,1.2002,4,7.5
132,Eap 2004,7.5 mg with Perpetrator (Rifampicin),117.0,0.2501,1.0535,4,7.5
132,Eap 2004,7.5 mg with Perpetrator (Rifampicin),118.0,0.1428,1.2644,4,7.5
132,Eap 2004,7.5 mg with Perpetrator (Rifampicin),120.0,0.0612,1.2978,4,7.5
132,Eap 2004,7.5 mg with Perpetrator (Rifampicin),122.0,0.0448,1.3148,4,7.5
184,Greenblat 1984,"po - f, 136kg, 36y (obese female)",0.5,7.4235,,10,10.0
184,Greenblat 1984,"po - f, 136kg, 36y (obese female)",0.75,17.6505,,10,10.0
184,Greenblat 1984,"po - f, 136kg, 36y (obese female)",1.0,23.6628,,10,10.0
184,Greenblat 1984,"po - f, 136kg, 36y (obese female)",1.5,15.3849,,10,10.0
184,Greenblat 1984,"po - f, 136kg, 36y (obese female)",2.5,21.8128,,10,10.0
184,Greenblat 1984,"po - f, 136kg, 36y (obese female)",3.0,12.8268,,10,10.0
184,Greenblat 1984,"po - f, 136kg, 36y (obese female)",4.0,6.9164,,10,10.0
184,Greenblat 1984,"po - f, 136kg, 36y (obese female)",6.0,4.5152,,10,10.0
184,Greenblat 1984,"po - f, 136kg, 36y (obese female)",8.0,5.2672,,10,10.0
184,Greenblat 1984,"po - f, 136kg, 36y (obese female)",10.0,4.7144,,10,10.0
184,Greenblat 1984,"po - f, 136kg, 36y (obese female)",12.0,3.843,,10,10.0
184,Greenblat 1984,"po - f, 136kg, 36y (obese female)",15.0,2.7901,,10,10.0
184,Greenblat 1984,"po - f, 136kg, 36y (obese female)",24.0,1.2941,,10,10.0
185,Greenblat 1984,"po - f, 61kg, 37y (normal female)",0.25,24.9492,,10,10.0
185,Greenblat 1984,"po - f, 61kg, 37y (normal female)",0.5,68.1008,,10,10.0
185,Greenblat 1984,"po - f, 61kg, 37y (normal female)",0.75,60.7326,,10,10.0
185,Greenblat 1984,"po - f, 61kg, 37y (normal female)",1.0,38.1262,,10,10.0
185,Greenblat 1984,"po - f, 61kg, 37y (normal female)",1.5,23.544,,10,10.0
185,Greenblat 1984,"po - f, 61kg, 37y (normal female)",2.0,27.0394,,10,10.0
185,Greenblat 1984,"po - f, 61kg, 37y (normal female)",2.5,17.3919,,10,10.0
185,Greenblat 1984,"po - f, 61kg, 37y (normal female)",3.0,13.8326,,10,10.0
185,Greenblat 1984,"po - f, 61kg, 37y (normal female)",4.0,8.3323,,10,10.0
185,Greenblat 1984,"po - f, 61kg, 37y (normal female)",6.0,4.1569,,10,10.0
185,Greenblat 1984,"po - f, 61kg, 37y (normal female)",8.0,3.0437,,10,10.0
185,Greenblat 1984,"po - f, 61kg, 37y (normal female)",12.0,1.3199,,10,10.0
186,Greenblat 1984,"po - m, 70kg, 32y (young male)",0.17,21.9648,,10,10.0
186,Greenblat 1984,"po - m, 70kg, 32y (young male)",0.25,96.0984,,10,10.0
186,Greenblat 1984,"po - m, 70kg, 32y (young male)",0.5,58.1666,,10,10.0
186,Greenblat 1984,"po - m, 70kg, 32y (young male)",0.75,44.9126,,10,10.0
186,Greenblat 1984,"po - m, 70kg, 32y (young male)",1.0,32.4959,,10,10.0
186,Greenblat 1984,"po - m, 70kg, 32y (young male)",1.5,31.5162,,10,10.0
186,Greenblat 1984,"po - m, 70kg, 32y (young male)",2.0,23.0053,,10,10.0
186,Greenblat 1984,"po - m, 70kg, 32y (young male)",2.5,20.5675,,10,10.0
186,Greenblat 1984,"po - m, 70kg, 32y (young male)",3.0,15.7669,,10,10.0
186,Greenblat 1984,"po - m, 70kg, 32y (young male)",4.0,8.1346,,10,10.0
186,Greenblat 1984,"po - m, 70kg, 32y (young male)",6.0,3.0679,,10,10.0
186,Greenblat 1984,"po - m, 70kg, 32y (young male)",8.0,1.5126,,10,10.0
187,Greenblat 1984,"po - m, 80kg, 70y (elderly male)",0.5,43.0722,,9,10.0
187,Greenblat 1984,"po - m, 80kg, 70y (elderly male)",0.75,90.8631,,9,10.0
187,Greenblat 1984,"po - m, 80kg, 70y (elderly male)",1.0,57.7411,,9,10.0
187,Greenblat 1984,"po - m, 80kg, 70y (elderly male)",1.5,44.9505,,9,10.0
187,Greenblat 1984,"po - m, 80kg, 70y (elderly male)",2.0,28.8146,,9,10.0
187,Greenblat 1984,"po - m, 80kg, 70y (elderly male)",2.5,24.3284,,9,10.0
187,Greenblat 1984,"po - m, 80kg, 70y (elderly male)",3.0,22.636,,9,10.0
187,Greenblat 1984,"po - m, 80kg, 70y (elderly male)",4.0,21.7815,,9,10.0
187,Greenblat 1984,"po - m, 80kg, 70y (elderly male)",6.0,12.9127,,9,10.0
187,Greenblat 1984,"po - m, 80kg, 70y (elderly male)",8.0,10.6711,,9,10.0
187,Greenblat 1984,"po - m, 80kg, 70y (elderly male)",12.0,6.7245,,9,10.0
187,Greenblat 1984,"po - m, 80kg, 70y (elderly male)",24.0,1.3174,,9,10.0
188,Greenblat 2003,Control (Perpetrator Placebo),0.5,11.059,1.7014,25,6.0
188,Greenblat 2003,Control (Perpetrator Placebo),1.0,15.8594,1.9444,25,6.0
188,Greenblat 2003,Control (Perpetrator Placebo),1.5,15.4948,1.2153,25,6.0
188,Greenblat 2003,Control (Perpetrator Placebo),2.0,13.6719,1.1545,25,6.0
188,Greenblat 2003,Control (Perpetrator Placebo),2.5,11.7274,0.9115,25,6.0
188,Greenblat 2003,Control (Perpetrator Placebo),3.0,9.6007,0.9722,25,6.0
188,Greenblat 2003,Control (Perpetrator Placebo),4.0,6.6233,1.033,25,6.0
188,Greenblat 2003,Control (Perpetrator Placebo),5.0,3.5851,0.5469,25,6.0
188,Greenblat 2003,Control (Perpetrator Placebo),6.0,2.7951,0.4253,25,6.0
188,Greenblat 2003,Control (Perpetrator Placebo),8.0,1.7622,,25,6.0
189,Greenblat 2003,with Perpetrator (GFJ),0.5,18.9583,2.066,25,6.0
189,Greenblat 2003,with Perpetrator (GFJ),1.0,26.0677,2.6736,25,6.0
189,Greenblat 2003,with Perpetrator (GFJ),1.5,24.7309,2.309,25,6.0
189,Greenblat 2003,with Perpetrator (GFJ),2.0,21.6319,1.8229,25,6.0
189,Greenblat 2003,with Perpetrator (GFJ),2.5,17.9861,1.7014,25,6.0
189,Greenblat 2003,with Perpetrator (GFJ),3.0,15.6163,1.7622,25,6.0
189,Greenblat 2003,with Perpetrator (GFJ),4.0,9.9653,1.276,25,6.0
189,Greenblat 2003,with Perpetrator (GFJ),5.0,6.5625,0.9722,25,6.0
189,Greenblat 2003,with Perpetrator (GFJ),6.0,4.9826,0.7899,25,6.0
189,Greenblat 2003,with Perpetrator (GFJ),8.0,3.099,0.4861,25,6.0
203,Wiesinger 2020,Control phase (no RIF),0.5,4.58,,65,1.0
203,Wiesinger 2020,Control phase (no RIF),1.0,4.0,,65,1.0
203,Wiesinger 2020,Control phase (no RIF),1.5,2.77,,65,1.0
203,Wiesinger 2020,Control phase (no RIF),2.0,1.98,,65,1.0
203,Wiesinger 2020,Control phase (no RIF),2.5,1.4,,65,1.0
203,Wiesinger 2020,Control phase (no RIF),3.0,1.13,,65,1.0
203,Wiesinger 2020,Control phase (no RIF),3.5,0.933,,65,1.0
203,Wiesinger 2020,Control phase (no RIF),4.0,0.771,,65,1.0
203,Wiesinger 2020,Control phase (no RIF),5.0,0.51,,65,1.0
203,Wiesinger 2020,Control phase (no RIF),6.0,0.395,,65,1.0
203,Wiesinger 2020,Control phase (no RIF),8.0,0.281,,65,1.0
203,Wiesinger 2020,Control phase (no RIF),12.0,0.165,,65,1.0
203,Wiesinger 2020,Control phase (no RIF),15.0,0.119,,65,1.0
203,Wiesinger 2020,Control phase (no RIF),24.0,0.0393,,65,1.0
204,Wiesinger 2020,Weak-induction phase (RIF 10 mg),180.5,3.14,,65,1.0
204,Wiesinger 2020,Weak-induction phase (RIF 10 mg),181.0,2.44,,65,1.0
204,Wiesinger 2020,Weak-induction phase (RIF 10 mg),181.5,1.49,,65,1.0
204,Wiesinger 2020,Weak-induction phase (RIF 10 mg),182.0,1.01,,65,1.0
204,Wiesinger 2020,Weak-induction phase (RIF 10 mg),182.5,0.74,,65,1.0
204,Wiesinger 2020,Weak-induction phase (RIF 10 mg),183.0,0.54,,65,1.0
204,Wiesinger 2020,Weak-induction phase (RIF 10 mg),183.5,0.438,,65,1.0
204,Wiesinger 2020,Weak-induction phase (RIF 10 mg),184.0,0.369,,65,1.0
204,Wiesinger 2020,Weak-induction phase (RIF 10 mg),185.0,0.243,,65,1.0
204,Wiesinger 2020,Weak-induction phase (RIF 10 mg),186.0,0.188,,65,1.0
204,Wiesinger 2020,Weak-induction phase (RIF 10 mg),188.0,0.128,,65,1.0
204,Wiesinger 2020,Weak-induction phase (RIF 10 mg),192.0,0.0849,,65,1.0
204,Wiesinger 2020,Weak-induction phase (RIF 10 mg),195.0,0.053,,65,1.0
204,Wiesinger 2020,Weak-induction phase (RIF 10 mg),204.0,0.0186,,65,1.0
205,Wiesinger 2020,Strong-induction phase (RIF 600 mg),444.5,0.903,,65,1.0
205,Wiesinger 2020,Strong-induction phase (RIF 600 mg),445.0,0.726,,65,1.0
205,Wiesinger 2020,Strong-induction phase (RIF 600 mg),445.5,0.446,,65,1.0
205,Wiesinger 2020,Strong-induction phase (RIF 600 mg),446.0,0.278,,65,1.0
205,Wiesinger 2020,Strong-induction phase (RIF 600 mg),446.5,0.202,,65,1.0
205,Wiesinger 2020,Strong-induction phase (RIF 600 mg),447.0,0.147,,65,1.0
205,Wiesinger 2020,Strong-induction phase (RIF 600 mg),447.5,0.117,,65,1.0
205,Wiesinger 2020,Strong-induction phase (RIF 600 mg),448.0,0.0927,,65,1.0
205,Wiesinger 2020,Strong-induction phase (RIF 600 mg),449.0,0.0482,,65,1.0
205,Wiesinger 2020,Strong-induction phase (RIF 600 mg),450.0,0.0402,,65,1.0
205,Wiesinger 2020,Strong-induction phase (RIF 600 mg),452.0,0.0248,,65,1.0
205,Wiesinger 2020,Strong-induction phase (RIF 600 mg),456.0,0.0167,,65,1.0
205,Wiesinger 2020,Strong-induction phase (RIF 600 mg),459.0,0.0104,,65,1.0
205,Wiesinger 2020,Strong-induction phase (RIF 600 mg),468.0,0.0025,,65,1.0
214,Gurley 2006,Control pre-Rifampicin (Perpetrator Placebo),0.25,22.0074,9.6081,19,8.0
214,Gurley 2006,Control pre-Rifampicin (Perpetrator Placebo),0.5,23.3675,10.2214,19,8.0
214,Gurley 2006,Control pre-Rifampicin (Perpetrator Placebo),0.75,24.5912,9.5399,19,8.0
214,Gurley 2006,Control pre-Rifampicin (Perpetrator Placebo),1.0,20.8405,7.0187,19,8.0
214,Gurley 2006,Control pre-Rifampicin (Perpetrator Placebo),1.5,17.2914,5.724,19,8.0
214,Gurley 2006,Control pre-Rifampicin (Perpetrator Placebo),2.0,13.9467,4.9063,19,8.0
214,Gurley 2006,Control pre-Rifampicin (Perpetrator Placebo),3.0,8.2795,2.5893,19,8.0
214,Gurley 2006,Control pre-Rifampicin (Perpetrator Placebo),4.0,5.4743,1.908,19,8.0
214,Gurley 2006,Control pre-Rifampicin (Perpetrator Placebo),5.0,3.8957,1.8398,19,8.0
214,Gurley 2006,Control pre-Rifampicin (Perpetrator Placebo),6.0,2.9302,1.3629,19,8.0
215,Gurley 2006,with Perpetrator (Rifampicin),146.25,2.9274,2.5894,19,8.0
215,Gurley 2006,with Perpetrator (Rifampicin),146.5,3.0608,2.5213,19,8.0
215,Gurley 2006,with Perpetrator (Rifampicin),146.75,2.0358,1.0221,19,8.0
215,Gurley 2006,with Perpetrator (Rifampicin),147.0,1.4878,,19,8.0
215,Gurley 2006,with Perpetrator (Rifampicin),147.5,1.3459,,19,8.0
215,Gurley 2006,with Perpetrator (Rifampicin),148.0,0.8632,,19,8.0
215,Gurley 2006,with Perpetrator (Rifampicin),149.0,0.3748,,19,8.0
215,Gurley 2006,with Perpetrator (Rifampicin),150.0,0.2955,,19,8.0
215,Gurley 2006,with Perpetrator (Rifampicin),151.0,0.1477,,19,8.0
215,Gurley 2006,with Perpetrator (Rifampicin),152.0,0.1364,,19,8.0
216,Gurley 2006,Control pre-Clarithromycin (Perpetrator Placebo),0.25,20.6803,15.5102,19,8.0
216,Gurley 2006,Control pre-Clarithromycin (Perpetrator Placebo),0.5,28.5714,13.0612,19,8.0
216,Gurley 2006,Control pre-Clarithromycin (Perpetrator Placebo),0.75,23.9456,6.8027,19,8.0
216,Gurley 2006,Control pre-Clarithromycin (Perpetrator Placebo),1.0,22.8571,7.619,19,8.0
216,Gurley 2006,Control pre-Clarithromycin (Perpetrator Placebo),1.5,17.9592,6.2585,19,8.0
216,Gurley 2006,Control pre-Clarithromycin (Perpetrator Placebo),2.0,15.2381,5.9864,19,8.0
216,Gurley 2006,Control pre-Clarithromycin (Perpetrator Placebo),3.0,10.068,5.7143,19,8.0
216,Gurley 2006,Control pre-Clarithromycin (Perpetrator Placebo),4.0,7.3469,3.8095,19,8.0
216,Gurley 2006,Control pre-Clarithromycin (Perpetrator Placebo),5.0,4.3537,,19,8.0
216,Gurley 2006,Control pre-Clarithromycin (Perpetrator Placebo),6.0,3.5374,,19,8.0
217,Gurley 2006,with Perpetrator (Clarithomycin),146.25,87.6191,44.0816,19,8.0
217,Gurley 2006,with Perpetrator (Clarithomycin),146.5,103.9456,31.0204,19,8.0
217,Gurley 2006,with Perpetrator (Clarithomycin),146.75,94.4218,31.5646,19,8.0
217,Gurley 2006,with Perpetrator (Clarithomycin),147.0,90.6122,19.8639,19,8.0
217,Gurley 2006,with Perpetrator (Clarithomycin),147.5,79.7279,20.6803,19,8.0
217,Gurley 2006,with Perpetrator (Clarithomycin),148.0,68.8435,19.8639,19,8.0
217,Gurley 2006,with Perpetrator (Clarithomycin),149.0,52.517,15.5102,19,8.0
217,Gurley 2006,with Perpetrator (Clarithomycin),150.0,42.9932,13.0612,19,8.0
217,Gurley 2006,with Perpetrator (Clarithomycin),151.0,35.6463,13.0612,19,8.0
217,Gurley 2006,with Perpetrator (Clarithomycin),152.0,30.7483,11.9728,19,8.0
218,Gurley 2006,Control pre-Black cohosh (Perpetrator Placebo),0.25,20.1361,11.1565,19,8.0
218,Gurley 2006,Control pre-Black cohosh (Perpetrator Placebo),0.5,27.8231,10.4082,19,8.0
218,Gurley 2006,Control pre-Black cohosh (Perpetrator Placebo),0.75,25.102,8.0272,19,8.0
218,Gurley 2006,Control pre-Black cohosh (Perpetrator Placebo),1.0,19.3878,7.0068,19,8.0
218,Gurley 2006,Control pre-Black cohosh (Perpetrator Placebo),1.5,18.1633,6.0544,19,8.0
218,Gurley 2006,Control pre-Black cohosh (Perpetrator Placebo),2.0,15.3742,4.966,19,8.0
218,Gurley 2006,Control pre-Black cohosh (Perpetrator Placebo),3.0,10.3401,3.5374,19,8.0
218,Gurley 2006,Control pre-Black cohosh (Perpetrator Placebo),4.0,7.2789,2.8571,19,8.0
218,Gurley 2006,Control pre-Black cohosh (Perpetrator Placebo),5.0,4.898,2.6531,19,8.0
218,Gurley 2006,Control pre-Black cohosh (Perpetrator Placebo),6.0,3.8095,1.8367,19,8.0
219,Gurley 2006,Control pre-Milk thistle (Perpetrator Placebo),0.25,27.3935,9.4719,19,8.0
219,Gurley 2006,Control pre-Milk thistle (Perpetrator Placebo),0.5,29.0971,9.063,19,8.0
219,Gurley 2006,Control pre-Milk thistle (Perpetrator Placebo),0.75,24.8722,8.7223,19,8.0
219,Gurley 2006,Control pre-Milk thistle (Perpetrator Placebo),1.0,21.3288,8.9267,19,8.0
219,Gurley 2006,Control pre-Milk thistle (Perpetrator Placebo),1.5,16.6269,4.77,19,8.0
219,Gurley 2006,Control pre-Milk thistle (Perpetrator Placebo),2.0,14.5826,4.4974,19,8.0
219,Gurley 2006,Control pre-Milk thistle (Perpetrator Placebo),3.0,9.6763,4.0204,19,8.0
219,Gurley 2006,Control pre-Milk thistle (Perpetrator Placebo),4.0,6.6099,2.862,19,8.0
219,Gurley 2006,Control pre-Milk thistle (Perpetrator Placebo),5.0,4.6337,2.5213,19,8.0
219,Gurley 2006,Control pre-Milk thistle (Perpetrator Placebo),6.0,3.8842,2.4532,19,8.0
220,Gurley 2008a,Control pre-Rifampicin (Perpetrator Placebo),0.0,0.0,,16,8.0
220,Gurley 2008a,Control pre-Rifampicin (Perpetrator Placebo),0.25,28.1839,13.4752,16,8.0
220,Gurley 2008a,Control pre-Rifampicin (Perpetrator Placebo),0.5,37.3965,15.9575,16,8.0
220,Gurley 2008a,Control pre-Rifampicin (Perpetrator Placebo),0.75,32.4246,14.8937,16,8.0
220,Gurley 2008a,Control pre-Rifampicin (Perpetrator Placebo),1.0,26.0343,15.0707,16,8.0
220,Gurley 2008a,Control pre-Rifampicin (Perpetrator Placebo),1.5,25.4874,15.4256,16,8.0
220,Gurley 2008a,Control pre-Rifampicin (Perpetrator Placebo),2.0,19.9763,9.2196,16,8.0
220,Gurley 2008a,Control pre-Rifampicin (Perpetrator Placebo),3.0,11.2585,5.1421,16,8.0
220,Gurley 2008a,Control pre-Rifampicin (Perpetrator Placebo),4.0,7.8603,3.5461,16,8.0
220,Gurley 2008a,Control pre-Rifampicin (Perpetrator Placebo),5.0,5.1712,2.305,16,8.0
220,Gurley 2008a,Control pre-Rifampicin (Perpetrator Placebo),6.0,4.4326,2.4823,16,8.0
221,Gurley 2008a,with Perpetrator (Rifampicin),146.0,0.0,,16,8.0
221,Gurley 2008a,with Perpetrator (Rifampicin),146.25,5.1342,4.4326,16,8.0
221,Gurley 2008a,with Perpetrator (Rifampicin),146.5,3.7085,2.6596,16,8.0
221,Gurley 2008a,with Perpetrator (Rifampicin),146.75,2.8146,,16,8.0
221,Gurley 2008a,with Perpetrator (Rifampicin),147.0,2.0981,,16,8.0
221,Gurley 2008a,with Perpetrator (Rifampicin),147.5,1.7285,,16,8.0
221,Gurley 2008a,with Perpetrator (Rifampicin),148.0,1.1816,,16,8.0
221,Gurley 2008a,with Perpetrator (Rifampicin),149.0,0.6204,,16,8.0
221,Gurley 2008a,with Perpetrator (Rifampicin),150.0,0.5908,,16,8.0
221,Gurley 2008a,with Perpetrator (Rifampicin),151.0,0.3839,,16,8.0
221,Gurley 2008a,with Perpetrator (Rifampicin),152.0,0.1773,,16,8.0
222,Gurley 2008a,Control pre-Clarithromycin (Perpetrator Placebo),0.0,0.0,,16,8.0
222,Gurley 2008a,Control pre-Clarithromycin (Perpetrator Placebo),0.25,55.0476,40.1428,16,8.0
222,Gurley 2008a,Control pre-Clarithromycin (Perpetrator Placebo),0.5,46.8618,23.4459,16,8.0
222,Gurley 2008a,Control pre-Clarithromycin (Perpetrator Placebo),0.75,36.1899,18.8278,16,8.0
222,Gurley 2008a,Control pre-Clarithromycin (Perpetrator Placebo),1.0,28.7152,14.5655,16,8.0
222,Gurley 2008a,Control pre-Clarithromycin (Perpetrator Placebo),1.5,24.7776,12.4334,16,8.0
222,Gurley 2008a,Control pre-Clarithromycin (Perpetrator Placebo),2.0,18.7092,7.8153,16,8.0
222,Gurley 2008a,Control pre-Clarithromycin (Perpetrator Placebo),3.0,11.1898,4.9734,16,8.0
222,Gurley 2008a,Control pre-Clarithromycin (Perpetrator Placebo),4.0,8.2891,4.2635,16,8.0
222,Gurley 2008a,Control pre-Clarithromycin (Perpetrator Placebo),5.0,5.7432,,16,8.0
222,Gurley 2008a,Control pre-Clarithromycin (Perpetrator Placebo),6.0,4.2629,,16,8.0
223,Gurley 2008a,with Perpetrator (Clarithomycin),146.0,0.0,,16,8.0
223,Gurley 2008a,with Perpetrator (Clarithomycin),146.25,116.5037,43.3394,16,8.0
223,Gurley 2008a,with Perpetrator (Clarithomycin),146.5,153.7893,41.208,16,8.0
223,Gurley 2008a,with Perpetrator (Clarithomycin),146.75,139.565,49.7337,16,8.0
223,Gurley 2008a,with Perpetrator (Clarithomycin),147.0,118.5911,41.5626,16,8.0
223,Gurley 2008a,with Perpetrator (Clarithomycin),147.5,103.6411,30.9059,16,8.0
223,Gurley 2008a,with Perpetrator (Clarithomycin),148.0,88.3364,23.4459,16,8.0
223,Gurley 2008a,with Perpetrator (Clarithomycin),149.0,69.4493,15.9858,16,8.0
223,Gurley 2008a,with Perpetrator (Clarithomycin),150.0,53.4042,10.3014,16,8.0
223,Gurley 2008a,with Perpetrator (Clarithomycin),151.0,42.6882,10.3014,16,8.0
223,Gurley 2008a,with Perpetrator (Clarithomycin),152.0,38.0108,8.5258,16,8.0
224,Gurley 2008a,Control pre-Goldenseal (Perpetrator Placebo),0.0,0.0,,16,8.0
224,Gurley 2008a,Control pre-Goldenseal (Perpetrator Placebo),0.25,48.1283,20.3209,16,8.0
224,Gurley 2008a,Control pre-Goldenseal (Perpetrator Placebo),0.5,42.0677,17.8253,16,8.0
224,Gurley 2008a,Control pre-Goldenseal (Perpetrator Placebo),0.75,35.6506,14.2602,16,8.0
224,Gurley 2008a,Control pre-Goldenseal (Perpetrator Placebo),1.0,30.1248,12.1212,16,8.0
224,Gurley 2008a,Control pre-Goldenseal (Perpetrator Placebo),1.5,25.1337,12.1212,16,8.0
224,Gurley 2008a,Control pre-Goldenseal (Perpetrator Placebo),2.0,20.8556,9.9822,16,8.0
224,Gurley 2008a,Control pre-Goldenseal (Perpetrator Placebo),3.0,12.1212,5.7041,16,8.0
224,Gurley 2008a,Control pre-Goldenseal (Perpetrator Placebo),4.0,9.2692,4.6346,16,8.0
224,Gurley 2008a,Control pre-Goldenseal (Perpetrator Placebo),5.0,5.7041,2.3173,16,8.0
224,Gurley 2008a,Control pre-Goldenseal (Perpetrator Placebo),6.0,4.9911,2.6738,16,8.0
225,Gurley 2008a,Control pre-Kava kava (Perpetrator Placebo),0.0,0.0,,16,8.0
225,Gurley 2008a,Control pre-Kava kava (Perpetrator Placebo),0.25,35.3464,17.762,16,8.0
225,Gurley 2008a,Control pre-Kava kava (Perpetrator Placebo),0.5,32.6821,12.9663,16,8.0
225,Gurley 2008a,Control pre-Kava kava (Perpetrator Placebo),0.75,31.9716,11.5453,16,8.0
225,Gurley 2008a,Control pre-Kava kava (Perpetrator Placebo),1.0,28.4192,11.5453,16,8.0
225,Gurley 2008a,Control pre-Kava kava (Perpetrator Placebo),1.5,25.7549,7.46,16,8.0
225,Gurley 2008a,Control pre-Kava kava (Perpetrator Placebo),2.0,20.9592,7.9929,16,8.0
225,Gurley 2008a,Control pre-Kava kava (Perpetrator Placebo),3.0,13.8544,4.7957,16,8.0
225,Gurley 2008a,Control pre-Kava kava (Perpetrator Placebo),4.0,8.5258,4.4405,16,8.0
225,Gurley 2008a,Control pre-Kava kava (Perpetrator Placebo),5.0,6.0391,2.3091,16,8.0
225,Gurley 2008a,Control pre-Kava kava (Perpetrator Placebo),6.0,4.7957,2.8419,16,8.0
263,Hohmann 2015,po 0.003 mg,0.25,0.0051,,16,0.003
263,Hohmann 2015,po 0.003 mg,0.5,0.0102,,16,0.003
263,Hohmann 2015,po 0.003 mg,0.75,0.0094,,16,0.003
263,Hohmann 2015,po 0.003 mg,1.0,0.0078,,16,0.003
263,Hohmann 2015,po 0.003 mg,1.5,0.0054,,16,0.003
263,Hohmann 2015,po 0.003 mg,2.0,0.0038,,16,0.003
263,Hohmann 2015,po 0.003 mg,2.5,0.0033,,16,0.003
263,Hohmann 2015,po 0.003 mg,3.0,0.0025,,16,0.003
263,Hohmann 2015,po 0.003 mg,4.0,0.0018,,16,0.003
263,Hohmann 2015,po 0.003 mg,6.0,0.0009,,16,0.003
263,Hohmann 2015,po 0.003 mg,8.0,0.0006,,16,0.003
263,Hohmann 2015,po 0.003 mg,10.0,0.0004,,16,0.003
263,Hohmann 2015,po 0.003 mg,24.0,0.0001,,16,0.003
264,Hohmann 2015,po 3 mg,0.25,5.1473,,16,3.0
264,Hohmann 2015,po 3 mg,0.5,8.556,,16,3.0
264,Hohmann 2015,po 3 mg,0.75,7.098,,16,3.0
264,Hohmann 2015,po 3 mg,1.0,6.9126,,16,3.0
264,Hohmann 2015,po 3 mg,1.5,5.0185,,16,3.0
264,Hohmann 2015,po 3 mg,2.0,3.8436,,16,3.0
264,Hohmann 2015,po 3 mg,2.5,2.9437,,16,3.0
264,Hohmann 2015,po 3 mg,3.0,2.3783,,16,3.0
264,Hohmann 2015,po 3 mg,4.0,1.682,,16,3.0
264,Hohmann 2015,po 3 mg,6.0,0.7765,,16,3.0
264,Hohmann 2015,po 3 mg,8.0,0.5353,,16,3.0
264,Hohmann 2015,po 3 mg,10.0,0.3998,,16,3.0
264,Hohmann 2015,po 3 mg,24.0,0.0505,,16,3.0
285,Kharasch 2004,po #1 Control (Perpetrator Placebo),0.08333333333333333,2.0,2.06,10,3.0
285,Kharasch 2004,po #1 Control (Perpetrator Placebo),0.25,5.06,4.05,10,3.0
285,Kharasch 2004,po #1 Control (Perpetrator Placebo),0.5,7.44,3.66,10,3.0
285,Kharasch 2004,po #1 Control (Perpetrator Placebo),1.0,6.17,1.16,10,3.0
285,Kharasch 2004,po #1 Control (Perpetrator Placebo),1.25,5.75,2.17,10,3.0
285,Kharasch 2004,po #1 Control (Perpetrator Placebo),1.5,4.39,1.05,10,3.0
285,Kharasch 2004,po #1 Control (Perpetrator Placebo),1.75,3.97,0.97,10,3.0
285,Kharasch 2004,po #1 Control (Perpetrator Placebo),2.0,3.58,0.89,10,3.0
285,Kharasch 2004,po #1 Control (Perpetrator Placebo),2.5,2.69,0.67,10,3.0
285,Kharasch 2004,po #1 Control (Perpetrator Placebo),3.0,2.5,0.78,10,3.0
285,Kharasch 2004,po #1 Control (Perpetrator Placebo),4.0,1.69,0.59,10,3.0
285,Kharasch 2004,po #1 Control (Perpetrator Placebo),5.0,1.31,0.38,10,3.0
285,Kharasch 2004,po #1 Control (Perpetrator Placebo),6.0,1.11,0.39,10,3.0
285,Kharasch 2004,po #1 Control (Perpetrator Placebo),7.0,0.92,0.27,10,3.0
285,Kharasch 2004,po #1 Control (Perpetrator Placebo),8.0,0.69,0.31,10,3.0
285,Kharasch 2004,po #1 Control (Perpetrator Placebo),9.0,0.61,0.28,10,3.0
286,Kharasch 2004,po #1 with Perpetrator (Rifampicin),128.08333333333334,0.722,,10,3.0
286,Kharasch 2004,po #1 with Perpetrator (Rifampicin),128.25,1.03,,10,3.0
286,Kharasch 2004,po #1 with Perpetrator (Rifampicin),128.5,0.833,,10,3.0
286,Kharasch 2004,po #1 with Perpetrator (Rifampicin),129.0,0.528,,10,3.0
286,Kharasch 2004,po #1 with Perpetrator (Rifampicin),129.25,0.444,,10,3.0
286,Kharasch 2004,po #1 with Perpetrator (Rifampicin),129.5,0.444,,10,3.0
286,Kharasch 2004,po #1 with Perpetrator (Rifampicin),129.75,0.333,,10,3.0
286,Kharasch 2004,po #1 with Perpetrator (Rifampicin),130.0,0.333,,10,3.0
286,Kharasch 2004,po #1 with Perpetrator (Rifampicin),130.5,0.222,,10,3.0
286,Kharasch 2004,po #1 with Perpetrator (Rifampicin),131.0,0.194,,10,3.0
286,Kharasch 2004,po #1 with Perpetrator (Rifampicin),132.0,0.139,,10,3.0
286,Kharasch 2004,po #1 with Perpetrator (Rifampicin),133.0,0.111,,10,3.0
286,Kharasch 2004,po #1 with Perpetrator (Rifampicin),134.0,0.111,,10,3.0
303,Kharasch 2011,po Control (Perpetrator Placebo),0.0,0.2321,0.0387,12,3.0
303,Kharasch 2011,po Control (Perpetrator Placebo),0.17,3.2882,0.0387,12,3.0
303,Kharasch 2011,po Control (Perpetrator Placebo),0.25,7.3888,4.1779,12,3.0
303,Kharasch 2011,po Control (Perpetrator Placebo),0.33,11.4894,5.9961,12,3.0
303,Kharasch 2011,po Control (Perpetrator Placebo),0.5,14.0426,4.8743,12,3.0
303,Kharasch 2011,po Control (Perpetrator Placebo),0.75,12.6499,5.4159,12,3.0
303,Kharasch 2011,po Control (Perpetrator Placebo),1.0,8.4333,2.9014,12,3.0
303,Kharasch 2011,po Control (Perpetrator Placebo),1.17,8.0851,2.7079,12,3.0
303,Kharasch 2011,po Control (Perpetrator Placebo),1.25,7.5435,2.3985,12,3.0
303,Kharasch 2011,po Control (Perpetrator Placebo),1.33,7.0793,2.3598,12,3.0
303,Kharasch 2011,po Control (Perpetrator Placebo),1.5,6.5764,2.3598,12,3.0
303,Kharasch 2011,po Control (Perpetrator Placebo),1.75,5.7253,1.8956,12,3.0
303,Kharasch 2011,po Control (Perpetrator Placebo),2.0,4.9516,1.6248,12,3.0
303,Kharasch 2011,po Control (Perpetrator Placebo),2.5,3.9845,1.7021,12,3.0
303,Kharasch 2011,po Control (Perpetrator Placebo),3.0,3.3656,1.1992,12,3.0
303,Kharasch 2011,po Control (Perpetrator Placebo),3.5,3.1721,1.2766,12,3.0
303,Kharasch 2011,po Control (Perpetrator Placebo),4.0,2.5919,0.9671,12,3.0
303,Kharasch 2011,po Control (Perpetrator Placebo),5.0,1.9342,0.6963,12,3.0
303,Kharasch 2011,po Control (Perpetrator Placebo),6.0,1.47,0.6576,12,3.0
303,Kharasch 2011,po Control (Perpetrator Placebo),7.0,1.2766,0.5029,12,3.0
303,Kharasch 2011,po Control (Perpetrator Placebo),9.0,0.8897,0.4255,12,3.0
304,Kharasch 2011,po with Perpetrator (Rifampicin @ 5 mg),132.0,0.1161,,12,3.0
304,Kharasch 2011,po with Perpetrator (Rifampicin @ 5 mg),132.08,1.1605,,12,3.0
304,Kharasch 2011,po with Perpetrator (Rifampicin @ 5 mg),132.17,4.4874,,12,3.0
304,Kharasch 2011,po with Perpetrator (Rifampicin @ 5 mg),132.25,7.3888,,12,3.0
304,Kharasch 2011,po with Perpetrator (Rifampicin @ 5 mg),132.33,9.6325,,12,3.0
304,Kharasch 2011,po with Perpetrator (Rifampicin @ 5 mg),132.5,10.5609,,12,3.0
304,Kharasch 2011,po with Perpetrator (Rifampicin @ 5 mg),132.75,9.2456,,12,3.0
304,Kharasch 2011,po with Perpetrator (Rifampicin @ 5 mg),133.08,6.8472,,12,3.0
304,Kharasch 2011,po with Perpetrator (Rifampicin @ 5 mg),133.17,6.3443,,12,3.0
304,Kharasch 2011,po with Perpetrator (Rifampicin @ 5 mg),133.25,6.0735,,12,3.0
304,Kharasch 2011,po with Perpetrator (Rifampicin @ 5 mg),133.33,5.764,,12,3.0
304,Kharasch 2011,po with Perpetrator (Rifampicin @ 5 mg),133.5,5.2224,,12,3.0
304,Kharasch 2011,po with Perpetrator (Rifampicin @ 5 mg),133.75,4.4101,,12,3.0
304,Kharasch 2011,po with Perpetrator (Rifampicin @ 5 mg),134.0,4.0619,,12,3.0
304,Kharasch 2011,po with Perpetrator (Rifampicin @ 5 mg),134.5,3.2882,,12,3.0
304,Kharasch 2011,po with Perpetrator (Rifampicin @ 5 mg),135.0,2.94,,12,3.0
304,Kharasch 2011,po with Perpetrator (Rifampicin @ 5 mg),135.5,2.3598,,12,3.0
304,Kharasch 2011,po with Perpetrator (Rifampicin @ 5 mg),136.0,1.8956,,12,3.0
304,Kharasch 2011,po with Perpetrator (Rifampicin @ 5 mg),137.0,1.4313,,12,3.0
304,Kharasch 2011,po with Perpetrator (Rifampicin @ 5 mg),138.0,1.0832,,12,3.0
304,Kharasch 2011,po with Perpetrator (Rifampicin @ 5 mg),139.0,0.9284,,12,3.0
304,Kharasch 2011,po with Perpetrator (Rifampicin @ 5 mg),141.0,0.5416,,12,3.0
305,Kharasch 2011,po with Perpetrator (Rifampicin @ 10 mg),132.0,0.0774,,12,3.0
305,Kharasch 2011,po with Perpetrator (Rifampicin @ 10 mg),132.08,1.4313,,12,3.0
305,Kharasch 2011,po with Perpetrator (Rifampicin @ 10 mg),132.17,5.648,,12,3.0
305,Kharasch 2011,po with Perpetrator (Rifampicin @ 10 mg),132.25,9.0522,,12,3.0
305,Kharasch 2011,po with Perpetrator (Rifampicin @ 10 mg),132.33,10.4062,,12,3.0
305,Kharasch 2011,po with Perpetrator (Rifampicin @ 10 mg),132.5,10.4062,,12,3.0
305,Kharasch 2011,po with Perpetrator (Rifampicin @ 10 mg),132.75,8.0077,,12,3.0
305,Kharasch 2011,po with Perpetrator (Rifampicin @ 10 mg),133.08,5.9188,,12,3.0
305,Kharasch 2011,po with Perpetrator (Rifampicin @ 10 mg),133.17,5.5706,,12,3.0
305,Kharasch 2011,po with Perpetrator (Rifampicin @ 10 mg),133.25,5.2611,,12,3.0
305,Kharasch 2011,po with Perpetrator (Rifampicin @ 10 mg),133.33,4.8743,,12,3.0
305,Kharasch 2011,po with Perpetrator (Rifampicin @ 10 mg),133.5,4.3327,,12,3.0
305,Kharasch 2011,po with Perpetrator (Rifampicin @ 10 mg),133.75,3.6364,,12,3.0
305,Kharasch 2011,po with Perpetrator (Rifampicin @ 10 mg),134.0,3.2495,,12,3.0
305,Kharasch 2011,po with Perpetrator (Rifampicin @ 10 mg),134.5,2.5532,,12,3.0
305,Kharasch 2011,po with Perpetrator (Rifampicin @ 10 mg),135.0,2.2437,,12,3.0
305,Kharasch 2011,po with Perpetrator (Rifampicin @ 10 mg),135.5,1.7408,,12,3.0
305,Kharasch 2011,po with Perpetrator (Rifampicin @ 10 mg),136.0,1.4313,,12,3.0
305,Kharasch 2011,po with Perpetrator (Rifampicin @ 10 mg),137.0,1.0832,,12,3.0
305,Kharasch 2011,po with Perpetrator (Rifampicin @ 10 mg),138.0,0.8124,,12,3.0
305,Kharasch 2011,po with Perpetrator (Rifampicin @ 10 mg),139.0,0.6576,,12,3.0
305,Kharasch 2011,po with Perpetrator (Rifampicin @ 10 mg),140.0,0.5803,,12,3.0
306,Kharasch 2011,po with Perpetrator (Rifampicin @ 25 mg),132.0,0.0772,,12,3.0
306,Kharasch 2011,po with Perpetrator (Rifampicin @ 25 mg),132.08,1.1583,,12,3.0
306,Kharasch 2011,po with Perpetrator (Rifampicin @ 25 mg),132.17,3.1274,,12,3.0
306,Kharasch 2011,po with Perpetrator (Rifampicin @ 25 mg),132.25,5.2896,,12,3.0
306,Kharasch 2011,po with Perpetrator (Rifampicin @ 25 mg),132.33,6.4093,,12,3.0
306,Kharasch 2011,po with Perpetrator (Rifampicin @ 25 mg),132.5,6.5637,,12,3.0
306,Kharasch 2011,po with Perpetrator (Rifampicin @ 25 mg),132.75,5.0579,,12,3.0
306,Kharasch 2011,po with Perpetrator (Rifampicin @ 25 mg),133.08,3.7838,,12,3.0
306,Kharasch 2011,po with Perpetrator (Rifampicin @ 25 mg),133.17,3.4363,,12,3.0
306,Kharasch 2011,po with Perpetrator (Rifampicin @ 25 mg),133.25,3.2046,,12,3.0
306,Kharasch 2011,po with Perpetrator (Rifampicin @ 25 mg),133.33,2.973,,12,3.0
306,Kharasch 2011,po with Perpetrator (Rifampicin @ 25 mg),133.5,2.5869,,12,3.0
306,Kharasch 2011,po with Perpetrator (Rifampicin @ 25 mg),133.75,2.2394,,12,3.0
306,Kharasch 2011,po with Perpetrator (Rifampicin @ 25 mg),134.0,2.0463,,12,3.0
306,Kharasch 2011,po with Perpetrator (Rifampicin @ 25 mg),134.25,1.8147,,12,3.0
306,Kharasch 2011,po with Perpetrator (Rifampicin @ 25 mg),134.5,1.6216,,12,3.0
306,Kharasch 2011,po with Perpetrator (Rifampicin @ 25 mg),135.0,1.3514,,12,3.0
306,Kharasch 2011,po with Perpetrator (Rifampicin @ 25 mg),135.5,1.0425,,12,3.0
306,Kharasch 2011,po with Perpetrator (Rifampicin @ 25 mg),136.0,0.888,,12,3.0
306,Kharasch 2011,po with Perpetrator (Rifampicin @ 25 mg),137.0,0.6178,,12,3.0
306,Kharasch 2011,po with Perpetrator (Rifampicin @ 25 mg),138.0,0.4633,,12,3.0
306,Kharasch 2011,po with Perpetrator (Rifampicin @ 25 mg),139.0,0.4247,,12,3.0
307,Kharasch 2011,po with Perpetrator (Rifampicin @ 75 mg),132.0,0.0386,,12,3.0
307,Kharasch 2011,po with Perpetrator (Rifampicin @ 75 mg),132.08,1.39,,12,3.0
307,Kharasch 2011,po with Perpetrator (Rifampicin @ 75 mg),132.17,3.8996,,12,3.0
307,Kharasch 2011,po with Perpetrator (Rifampicin @ 75 mg),132.25,3.7066,,12,3.0
307,Kharasch 2011,po with Perpetrator (Rifampicin @ 75 mg),132.33,3.7452,,12,3.0
307,Kharasch 2011,po with Perpetrator (Rifampicin @ 75 mg),132.5,3.8996,,12,3.0
307,Kharasch 2011,po with Perpetrator (Rifampicin @ 75 mg),132.75,3.166,,12,3.0
307,Kharasch 2011,po with Perpetrator (Rifampicin @ 75 mg),133.08,2.5869,,12,3.0
307,Kharasch 2011,po with Perpetrator (Rifampicin @ 75 mg),133.17,2.5483,,12,3.0
307,Kharasch 2011,po with Perpetrator (Rifampicin @ 75 mg),133.25,2.2008,,12,3.0
307,Kharasch 2011,po with Perpetrator (Rifampicin @ 75 mg),133.33,2.0077,,12,3.0
307,Kharasch 2011,po with Perpetrator (Rifampicin @ 75 mg),133.5,1.7761,,12,3.0
307,Kharasch 2011,po with Perpetrator (Rifampicin @ 75 mg),133.75,1.5058,,12,3.0
307,Kharasch 2011,po with Perpetrator (Rifampicin @ 75 mg),134.0,1.2741,,12,3.0
307,Kharasch 2011,po with Perpetrator (Rifampicin @ 75 mg),134.25,1.2355,,12,3.0
307,Kharasch 2011,po with Perpetrator (Rifampicin @ 75 mg),134.5,1.0425,,12,3.0
307,Kharasch 2011,po with Perpetrator (Rifampicin @ 75 mg),134.75,1.0425,,12,3.0
307,Kharasch 2011,po with Perpetrator (Rifampicin @ 75 mg),135.0,0.888,,12,3.0
307,Kharasch 2011,po with Perpetrator (Rifampicin @ 75 mg),135.5,0.6564,,12,3.0
307,Kharasch 2011,po with Perpetrator (Rifampicin @ 75 mg),136.0,0.6178,,12,3.0
307,Kharasch 2011,po with Perpetrator (Rifampicin @ 75 mg),137.0,0.3475,,12,3.0
307,Kharasch 2011,po with Perpetrator (Rifampicin @ 75 mg),138.0,0.2317,,12,3.0
343,Link 2008,po Control (Perpetrator Placebo),10.0,12.0561,17.5239,8,7.5
343,Link 2008,po Control (Perpetrator Placebo),20.0,48.3565,22.6844,8,7.5
343,Link 2008,po Control (Perpetrator Placebo),30.0,45.3537,21.2757,8,7.5
343,Link 2008,po Control (Perpetrator Placebo),40.0,38.2267,16.745,8,7.5
343,Link 2008,po Control (Perpetrator Placebo),60.0,27.1566,9.4708,8,7.5
343,Link 2008,po Control (Perpetrator Placebo),90.0,22.4052,7.8137,8,7.5
343,Link 2008,po Control (Perpetrator Placebo),120.0,16.9706,6.9179,8,7.5
343,Link 2008,po Control (Perpetrator Placebo),180.0,10.8344,3.4695,8,7.5
343,Link 2008,po Control (Perpetrator Placebo),240.0,7.5341,2.2023,8,7.5
343,Link 2008,po Control (Perpetrator Placebo),360.0,3.9683,1.16,8,7.5
343,Link 2008,po Control (Perpetrator Placebo),480.0,2.046,0.8962,8,7.5
343,Link 2008,po Control (Perpetrator Placebo),600.0,1.2786,0.6404,8,7.5
343,Link 2008,po Control (Perpetrator Placebo),1440.0,0.1143,0.0936,8,7.5
344,Link 2008,po with Perpetrator (Rifampicin),8650.0,0.5556,0.5691,8,7.5
344,Link 2008,po with Perpetrator (Rifampicin),8660.0,2.5335,3.1732,8,7.5
344,Link 2008,po with Perpetrator (Rifampicin),8670.0,1.688,1.2542,8,7.5
344,Link 2008,po with Perpetrator (Rifampicin),8680.0,1.5832,1.2968,8,7.5
344,Link 2008,po with Perpetrator (Rifampicin),8700.0,1.3632,1.7738,8,7.5
344,Link 2008,po with Perpetrator (Rifampicin),8730.0,0.6592,0.7635,8,7.5
344,Link 2008,po with Perpetrator (Rifampicin),8760.0,0.312,0.2679,8,7.5
344,Link 2008,po with Perpetrator (Rifampicin),8820.0,0.1299,0.0736,8,7.5
344,Link 2008,po with Perpetrator (Rifampicin),8880.0,0.0829,0.0389,8,7.5
344,Link 2008,po with Perpetrator (Rifampicin),9000.0,0.0628,,8,7.5
353,Markert 2013,Control (Perpetrator Placebo),2.0,5.0727,1.7027,11,3.0
353,Markert 2013,Control (Perpetrator Placebo),2.5,4.0739,1.4119,11,3.0
353,Markert 2013,Control (Perpetrator Placebo),3.0,3.3682,1.1791,11,3.0
353,Markert 2013,Control (Perpetrator Placebo),4.0,2.3923,0.9026,11,3.0
354,Markert 2013,with Perpetrator (Clarithromycin),74.25,22.9061,4.2102,11,3.0
354,Markert 2013,with Perpetrator (Clarithromycin),74.75,19.8057,4.4777,11,3.0
354,Markert 2013,with Perpetrator (Clarithromycin),75.25,17.7447,4.0706,11,3.0
354,Markert 2013,with Perpetrator (Clarithromycin),76.25,14.6998,3.5934,11,3.0
361,Okudaira 2007,EM 0 Control (Perpetrator Placebo),0.33,8.2474,1.0309,12,5.0
361,Okudaira 2007,EM 0 Control (Perpetrator Placebo),0.66,16.0825,1.0825,12,5.0
361,Okudaira 2007,EM 0 Control (Perpetrator Placebo),1.0,17.4227,1.0825,12,5.0
361,Okudaira 2007,EM 0 Control (Perpetrator Placebo),1.5,17.4227,1.0825,12,5.0
361,Okudaira 2007,EM 0 Control (Perpetrator Placebo),2.0,16.0825,1.0825,12,5.0
361,Okudaira 2007,EM 0 Control (Perpetrator Placebo),3.0,10.7217,1.0825,12,5.0
361,Okudaira 2007,EM 0 Control (Perpetrator Placebo),5.0,4.5361,1.0309,12,5.0
361,Okudaira 2007,EM 0 Control (Perpetrator Placebo),8.0,2.5773,0.9794,12,5.0
361,Okudaira 2007,EM 0 Control (Perpetrator Placebo),14.0,1.2371,1.0825,12,5.0
362,Okudaira 2007,EM 2 with Perpetrator (Erythromycin),25.0,0.0,,12,2.5
362,Okudaira 2007,EM 2 with Perpetrator (Erythromycin),25.33,10.0,1.701,12,2.5
362,Okudaira 2007,EM 2 with Perpetrator (Erythromycin),25.66,14.2783,1.9588,12,2.5
362,Okudaira 2007,EM 2 with Perpetrator (Erythromycin),26.0,17.165,1.9072,12,2.5
362,Okudaira 2007,EM 2 with Perpetrator (Erythromycin),26.5,15.7732,1.9072,12,2.5
362,Okudaira 2007,EM 2 with Perpetrator (Erythromycin),27.0,13.299,2.0103,12,2.5
362,Okudaira 2007,EM 2 with Perpetrator (Erythromycin),28.0,9.5876,1.9072,12,2.5
362,Okudaira 2007,EM 2 with Perpetrator (Erythromycin),30.0,5.5155,1.9072,12,2.5
362,Okudaira 2007,EM 2 with Perpetrator (Erythromycin),33.0,3.0412,1.9072,12,2.5
362,Okudaira 2007,EM 2 with Perpetrator (Erythromycin),39.0,2.3711,1.9588,12,2.5
362,Okudaira 2007,EM 2 with Perpetrator (Erythromycin),47.0,1.5464,1.9588,12,2.5
363,Okudaira 2007,EM 4 with Perpetrator (Erythromycin),73.0,0.0,,12,2.5
363,Okudaira 2007,EM 4 with Perpetrator (Erythromycin),73.33,10.6701,2.5258,12,2.5
363,Okudaira 2007,EM 4 with Perpetrator (Erythromycin),73.66,21.8041,2.5258,12,2.5
363,Okudaira 2007,EM 4 with Perpetrator (Erythromycin),74.0,22.6289,2.4227,12,2.5
363,Okudaira 2007,EM 4 with Perpetrator (Erythromycin),74.5,19.2783,2.4227,12,2.5
363,Okudaira 2007,EM 4 with Perpetrator (Erythromycin),75.0,16.5464,2.4227,12,2.5
363,Okudaira 2007,EM 4 with Perpetrator (Erythromycin),76.0,11.4948,2.5258,12,2.5
363,Okudaira 2007,EM 4 with Perpetrator (Erythromycin),78.0,6.8557,2.5773,12,2.5
363,Okudaira 2007,EM 4 with Perpetrator (Erythromycin),81.0,4.7423,2.4227,12,2.5
363,Okudaira 2007,EM 4 with Perpetrator (Erythromycin),87.0,2.268,2.4227,12,2.5
363,Okudaira 2007,EM 4 with Perpetrator (Erythromycin),95.0,2.4227,2.4742,12,2.5
364,Okudaira 2007,EM 7 with Perpetrator (Erythromycin),145.0,0.0,,12,2.5
364,Okudaira 2007,EM 7 with Perpetrator (Erythromycin),145.33,13.2474,2.3196,12,2.5
364,Okudaira 2007,EM 7 with Perpetrator (Erythromycin),145.66,20.7217,2.3711,12,2.5
364,Okudaira 2007,EM 7 with Perpetrator (Erythromycin),146.0,21.3917,2.3711,12,2.5
364,Okudaira 2007,EM 7 with Perpetrator (Erythromycin),146.5,18.5567,2.3196,12,2.5
364,Okudaira 2007,EM 7 with Perpetrator (Erythromycin),147.0,17.5773,2.3196,12,2.5
364,Okudaira 2007,EM 7 with Perpetrator (Erythromycin),148.0,12.7835,2.3711,12,2.5
364,Okudaira 2007,EM 7 with Perpetrator (Erythromycin),150.0,6.8041,2.3196,12,2.5
364,Okudaira 2007,EM 7 with Perpetrator (Erythromycin),153.0,3.9691,2.3711,12,2.5
364,Okudaira 2007,EM 7 with Perpetrator (Erythromycin),159.0,2.1649,2.3711,12,2.5
364,Okudaira 2007,EM 7 with Perpetrator (Erythromycin),167.0,1.9588,2.3196,12,2.5
365,Olkkola 1993,po Control (Perpetrator Placebo),0.0,0.0,,12,15.0
365,Olkkola 1993,po Control (Perpetrator Placebo),0.25,0.3656,1.2666,12,15.0
365,Olkkola 1993,po Control (Perpetrator Placebo),0.5,27.4223,36.7309,12,15.0
365,Olkkola 1993,po Control (Perpetrator Placebo),0.75,44.2413,35.4643,12,15.0
365,Olkkola 1993,po Control (Perpetrator Placebo),1.0,47.532,27.8648,12,15.0
365,Olkkola 1993,po Control (Perpetrator Placebo),1.5,48.2632,22.7985,12,15.0
365,Olkkola 1993,po Control (Perpetrator Placebo),2.0,46.8007,15.199,12,15.0
365,Olkkola 1993,po Control (Perpetrator Placebo),3.0,36.1974,11.3992,12,15.0
365,Olkkola 1993,po Control (Perpetrator Placebo),4.0,21.9378,6.3329,12,15.0
365,Olkkola 1993,po Control (Perpetrator Placebo),5.0,14.2596,5.0663,12,15.0
365,Olkkola 1993,po Control (Perpetrator Placebo),6.0,8.7751,3.7997,12,15.0
365,Olkkola 1993,po Control (Perpetrator Placebo),18.0,0.7313,0.0,12,15.0
366,Olkkola 1993,po with Perpetrator (Erythromycin),128.0,0.0,,12,15.0
366,Olkkola 1993,po with Perpetrator (Erythromycin),128.25,12.0658,17.7322,12,15.0
366,Olkkola 1993,po with Perpetrator (Erythromycin),128.5,142.2303,78.5282,12,15.0
366,Olkkola 1993,po with Perpetrator (Erythromycin),128.75,162.7057,58.2626,12,15.0
366,Olkkola 1993,po with Perpetrator (Erythromycin),129.0,163.4369,51.93,12,15.0
366,Olkkola 1993,po with Perpetrator (Erythromycin),129.5,150.2742,53.1965,12,15.0
366,Olkkola 1993,po with Perpetrator (Erythromycin),130.0,122.4863,48.1301,12,15.0
366,Olkkola 1993,po with Perpetrator (Erythromycin),131.0,93.6015,32.9311,12,15.0
366,Olkkola 1993,po with Perpetrator (Erythromycin),132.0,70.9324,29.1314,12,15.0
366,Olkkola 1993,po with Perpetrator (Erythromycin),133.0,53.7477,25.3317,12,15.0
366,Olkkola 1993,po with Perpetrator (Erythromycin),134.0,42.4132,22.7985,12,15.0
366,Olkkola 1993,po with Perpetrator (Erythromycin),146.0,14.2596,10.1326,12,15.0
369,Olkkola 1994,po Control (Perpetrator Placebo),0.0,0.0,,9,7.5
369,Olkkola 1994,po Control (Perpetrator Placebo),0.5,4.0939,,9,7.5
369,Olkkola 1994,po Control (Perpetrator Placebo),1.0,18.3203,9.5682,9,7.5
369,Olkkola 1994,po Control (Perpetrator Placebo),1.5,19.0385,,9,7.5
369,Olkkola 1994,po Control (Perpetrator Placebo),2.0,17.1289,,9,7.5
369,Olkkola 1994,po Control (Perpetrator Placebo),3.0,10.3091,,9,7.5
369,Olkkola 1994,po Control (Perpetrator Placebo),4.0,6.676,,9,7.5
369,Olkkola 1994,po Control (Perpetrator Placebo),5.0,3.6084,,9,7.5
369,Olkkola 1994,po Control (Perpetrator Placebo),6.0,2.6047,,9,7.5
369,Olkkola 1994,po Control (Perpetrator Placebo),7.0,1.9761,,9,7.5
369,Olkkola 1994,po Control (Perpetrator Placebo),17.0,0.1834,,9,7.5
370,Olkkola 1994,po with Perpetrator (Itraconazole),73.0,0.0,,9,7.5
370,Olkkola 1994,po with Perpetrator (Itraconazole),73.5,21.9184,22.5134,9,7.5
370,Olkkola 1994,po with Perpetrator (Itraconazole),74.0,47.5905,29.8303,9,7.5
370,Olkkola 1994,po with Perpetrator (Itraconazole),74.5,59.9408,24.202,9,7.5
370,Olkkola 1994,po with Perpetrator (Itraconazole),75.0,63.8471,18.5736,9,7.5
370,Olkkola 1994,po with Perpetrator (Itraconazole),76.0,65.8451,21.3919,9,7.5
370,Olkkola 1994,po with Perpetrator (Itraconazole),77.0,55.0827,18.5694,9,7.5
370,Olkkola 1994,po with Perpetrator (Itraconazole),78.0,40.9446,13.5039,9,7.5
370,Olkkola 1994,po with Perpetrator (Itraconazole),79.0,34.5001,11.8195,9,7.5
370,Olkkola 1994,po with Perpetrator (Itraconazole),80.0,31.6188,10.6897,9,7.5
370,Olkkola 1994,po with Perpetrator (Itraconazole),90.0,12.7534,,9,7.5
371,Olkkola 1994,po with Perpetrator (Ketoconazole,73.0,0.0,,9,7.5
371,Olkkola 1994,po with Perpetrator (Ketoconazole,73.5,23.796,25.3276,9,7.5
371,Olkkola 1994,po with Perpetrator (Ketoconazole,74.0,62.7871,31.5188,9,7.5
371,Olkkola 1994,po with Perpetrator (Ketoconazole,74.5,71.5727,23.0763,9,7.5
371,Olkkola 1994,po with Perpetrator (Ketoconazole,75.0,74.7285,25.8946,9,7.5
371,Olkkola 1994,po with Perpetrator (Ketoconazole,76.0,80.4788,19.1406,9,7.5
371,Olkkola 1994,po with Perpetrator (Ketoconazole,77.0,73.2838,19.1322,9,7.5
371,Olkkola 1994,po with Perpetrator (Ketoconazole,78.0,60.6453,15.7636,9,7.5
371,Olkkola 1994,po with Perpetrator (Ketoconazole,79.0,49.8857,10.1269,9,7.5
371,Olkkola 1994,po with Perpetrator (Ketoconazole,80.0,47.192,10.1352,9,7.5
371,Olkkola 1994,po with Perpetrator (Ketoconazole,90.0,20.2579,,9,7.5
374,Olkkola 1996,day 1 (po) Control (Perpetrator Placebo),0.0,0.0,,12,7.5
374,Olkkola 1996,day 1 (po) Control (Perpetrator Placebo),0.5,17.5707,12.8266,12,7.5
374,Olkkola 1996,day 1 (po) Control (Perpetrator Placebo),1.0,25.8823,,12,7.5
374,Olkkola 1996,day 1 (po) Control (Perpetrator Placebo),1.5,21.9711,,12,7.5
374,Olkkola 1996,day 1 (po) Control (Perpetrator Placebo),2.0,16.9489,,12,7.5
374,Olkkola 1996,day 1 (po) Control (Perpetrator Placebo),3.0,11.7227,,12,7.5
374,Olkkola 1996,day 1 (po) Control (Perpetrator Placebo),4.0,8.3447,,12,7.5
374,Olkkola 1996,day 1 (po) Control (Perpetrator Placebo),5.0,4.9677,,12,7.5
374,Olkkola 1996,day 1 (po) Control (Perpetrator Placebo),6.0,4.1822,,12,7.5
374,Olkkola 1996,day 1 (po) Control (Perpetrator Placebo),7.0,3.4003,,12,7.5
374,Olkkola 1996,day 1 (po) Control (Perpetrator Placebo),17.0,-0.3695,,12,7.5
376,Olkkola 1996,day 6 (po) Control (Perpetrator Placebo),0.0,0.0,,12,7.5
376,Olkkola 1996,day 6 (po) Control (Perpetrator Placebo),0.5,19.25,20.9752,12,7.5
376,Olkkola 1996,day 6 (po) Control (Perpetrator Placebo),1.0,33.3624,13.9834,12,7.5
376,Olkkola 1996,day 6 (po) Control (Perpetrator Placebo),1.5,26.3734,,12,7.5
376,Olkkola 1996,day 6 (po) Control (Perpetrator Placebo),2.0,19.2015,,12,7.5
376,Olkkola 1996,day 6 (po) Control (Perpetrator Placebo),3.0,12.0131,,12,7.5
376,Olkkola 1996,day 6 (po) Control (Perpetrator Placebo),4.0,7.9439,,12,7.5
376,Olkkola 1996,day 6 (po) Control (Perpetrator Placebo),5.0,4.9762,,12,7.5
376,Olkkola 1996,day 6 (po) Control (Perpetrator Placebo),6.0,4.3932,,12,7.5
376,Olkkola 1996,day 6 (po) Control (Perpetrator Placebo),7.0,3.8109,,12,7.5
376,Olkkola 1996,day 6 (po) Control (Perpetrator Placebo),17.0,0.1841,,12,7.5
377,Olkkola 1996,day 1 (po) with Perpetrator (Itraconazole),2.0,0.0,,12,7.5
377,Olkkola 1996,day 1 (po) with Perpetrator (Itraconazole),2.5,18.6817,27.5838,12,7.5
377,Olkkola 1996,day 1 (po) with Perpetrator (Itraconazole),3.0,34.9552,16.6816,12,7.5
377,Olkkola 1996,day 1 (po) with Perpetrator (Itraconazole),3.5,34.0078,,12,7.5
377,Olkkola 1996,day 1 (po) with Perpetrator (Itraconazole),4.0,34.3567,,12,7.5
377,Olkkola 1996,day 1 (po) with Perpetrator (Itraconazole),5.0,27.8325,,12,7.5
377,Olkkola 1996,day 1 (po) with Perpetrator (Itraconazole),6.0,24.2702,,12,7.5
377,Olkkola 1996,day 1 (po) with Perpetrator (Itraconazole),7.0,17.0044,,12,7.5
377,Olkkola 1996,day 1 (po) with Perpetrator (Itraconazole),8.0,12.8875,,12,7.5
377,Olkkola 1996,day 1 (po) with Perpetrator (Itraconazole),9.0,12.289,,12,7.5
377,Olkkola 1996,day 1 (po) with Perpetrator (Itraconazole),19.0,3.149,,12,7.5
379,Olkkola 1996,day 6 (po) with Perpetrator (Itraconazole),122.0,0.0,,12,7.5
379,Olkkola 1996,day 6 (po) with Perpetrator (Itraconazole),122.5,24.2034,34.9586,12,7.5
379,Olkkola 1996,day 6 (po) with Perpetrator (Itraconazole),123.0,61.6191,34.323,12,7.5
379,Olkkola 1996,day 6 (po) with Perpetrator (Itraconazole),123.5,67.1077,25.4244,12,7.5
379,Olkkola 1996,day 6 (po) with Perpetrator (Itraconazole),124.0,60.8526,20.9751,12,7.5
379,Olkkola 1996,day 6 (po) with Perpetrator (Itraconazole),125.0,54.9499,17.1592,12,7.5
379,Olkkola 1996,day 6 (po) with Perpetrator (Itraconazole),126.0,53.9999,21.6108,12,7.5
379,Olkkola 1996,day 6 (po) with Perpetrator (Itraconazole),127.0,41.3063,15.8903,12,7.5
379,Olkkola 1996,day 6 (po) with Perpetrator (Itraconazole),128.0,34.8518,11.441,12,7.5
379,Olkkola 1996,day 6 (po) with Perpetrator (Itraconazole),129.0,32.8022,,12,7.5
379,Olkkola 1996,day 6 (po) with Perpetrator (Itraconazole),139.0,13.9468,,12,7.5
380,Olkkola 1996,day 1 (po) with Perpetrator (Fluconazole),2.0,0.0,,12,7.5
380,Olkkola 1996,day 1 (po) with Perpetrator (Fluconazole),2.5,37.9405,50.0388,12,7.5
380,Olkkola 1996,day 1 (po) with Perpetrator (Fluconazole),3.0,56.437,32.7187,12,7.5
380,Olkkola 1996,day 1 (po) with Perpetrator (Fluconazole),3.5,53.4527,15.3925,12,7.5
380,Olkkola 1996,day 1 (po) with Perpetrator (Fluconazole),4.0,44.7268,,12,7.5
380,Olkkola 1996,day 1 (po) with Perpetrator (Fluconazole),5.0,33.3879,,12,7.5
380,Olkkola 1996,day 1 (po) with Perpetrator (Fluconazole),6.0,24.6397,,12,7.5
380,Olkkola 1996,day 1 (po) with Perpetrator (Fluconazole),7.0,17.7451,,12,7.5
380,Olkkola 1996,day 1 (po) with Perpetrator (Fluconazole),8.0,13.8125,,12,7.5
380,Olkkola 1996,day 1 (po) with Perpetrator (Fluconazole),9.0,12.1038,,12,7.5
380,Olkkola 1996,day 1 (po) with Perpetrator (Fluconazole),19.0,2.4091,,12,7.5
382,Olkkola 1996,day 6 (po) with Perpetrator (Fluconazole),122.0,0.0,,12,7.5
382,Olkkola 1996,day 6 (po) with Perpetrator (Fluconazole),122.5,24.7552,27.3312,12,7.5
382,Olkkola 1996,day 6 (po) with Perpetrator (Fluconazole),123.0,45.4724,27.3313,12,7.5
382,Olkkola 1996,day 6 (po) with Perpetrator (Fluconazole),123.5,50.5941,20.3395,12,7.5
382,Olkkola 1996,day 6 (po) with Perpetrator (Fluconazole),124.0,43.4215,13.3455,12,7.5
382,Olkkola 1996,day 6 (po) with Perpetrator (Fluconazole),125.0,38.6191,,12,7.5
382,Olkkola 1996,day 6 (po) with Perpetrator (Fluconazole),126.0,30.1462,,12,7.5
382,Olkkola 1996,day 6 (po) with Perpetrator (Fluconazole),127.0,21.3064,,12,7.5
382,Olkkola 1996,day 6 (po) with Perpetrator (Fluconazole),128.0,16.3191,,12,7.5
382,Olkkola 1996,day 6 (po) with Perpetrator (Fluconazole),129.0,13.3528,,12,7.5
382,Olkkola 1996,day 6 (po) with Perpetrator (Fluconazole),139.0,3.3047,,12,7.5
392,Reitman 2011,Week 0 after Perpetrator (Rifampicin),649.0,1.4495,,11,2.0
392,Reitman 2011,Week 0 after Perpetrator (Rifampicin),650.0,0.6923,,11,2.0
392,Reitman 2011,Week 0 after Perpetrator (Rifampicin),652.0,0.2163,,11,2.0
393,Reitman 2011,Week 1 after Perpetrator (Rifampicin),817.0,3.5264,,11,2.0
393,Reitman 2011,Week 1 after Perpetrator (Rifampicin),818.0,1.9255,,11,2.0
393,Reitman 2011,Week 1 after Perpetrator (Rifampicin),820.0,0.6923,,11,2.0
393,Reitman 2011,Week 1 after Perpetrator (Rifampicin),822.0,0.2812,,11,2.0
394,Reitman 2011,Week 2 after Perpetrator (Rifampicin),985.0,6.1875,,11,2.0
394,Reitman 2011,Week 2 after Perpetrator (Rifampicin),986.0,3.613,,11,2.0
394,Reitman 2011,Week 2 after Perpetrator (Rifampicin),988.0,1.4279,,11,2.0
394,Reitman 2011,Week 2 after Perpetrator (Rifampicin),990.0,0.6923,,11,2.0
394,Reitman 2011,Week 2 after Perpetrator (Rifampicin),992.0,0.4327,,11,2.0
395,Reitman 2011,Week 4 after Perpetrator (Rifampicin),1321.0,8.4159,,11,2.0
395,Reitman 2011,Week 4 after Perpetrator (Rifampicin),1322.0,4.5,,11,2.0
395,Reitman 2011,Week 4 after Perpetrator (Rifampicin),1324.0,1.8173,,11,2.0
395,Reitman 2011,Week 4 after Perpetrator (Rifampicin),1326.0,0.8654,,11,2.0
395,Reitman 2011,Week 4 after Perpetrator (Rifampicin),1328.0,0.5192,,11,2.0
395,Reitman 2011,Week 4 after Perpetrator (Rifampicin),1332.0,0.238,,11,2.0
400,Saari 2006,po Control (Perpetrator Placebo),0.5,9.8667,13.3333,10,7.5
400,Saari 2006,po Control (Perpetrator Placebo),1.0,19.2,9.6,10,7.5
400,Saari 2006,po Control (Perpetrator Placebo),1.5,18.6667,5.8667,10,7.5
400,Saari 2006,po Control (Perpetrator Placebo),2.0,16.5333,4.0,10,7.5
400,Saari 2006,po Control (Perpetrator Placebo),3.0,13.0667,4.5333,10,7.5
400,Saari 2006,po Control (Perpetrator Placebo),4.0,10.1333,5.0667,10,7.5
400,Saari 2006,po Control (Perpetrator Placebo),6.0,4.5333,,10,7.5
400,Saari 2006,po Control (Perpetrator Placebo),8.0,2.1333,,10,7.5
401,Saari 2006,po with Perpetrator (Voriconazole),37.5,58.1333,47.4667,10,7.5
401,Saari 2006,po with Perpetrator (Voriconazole),38.0,73.0667,30.6667,10,7.5
401,Saari 2006,po with Perpetrator (Voriconazole),38.5,66.6667,26.9333,10,7.5
401,Saari 2006,po with Perpetrator (Voriconazole),39.0,63.7333,23.7333,10,7.5
401,Saari 2006,po with Perpetrator (Voriconazole),40.0,62.1333,14.9333,10,7.5
401,Saari 2006,po with Perpetrator (Voriconazole),41.0,60.0,12.8,10,7.5
401,Saari 2006,po with Perpetrator (Voriconazole),43.0,44.5333,10.6667,10,7.5
401,Saari 2006,po with Perpetrator (Voriconazole),45.0,35.4667,6.9333,10,7.5
401,Saari 2006,po with Perpetrator (Voriconazole),49.0,22.4,4.2667,10,7.5
401,Saari 2006,po with Perpetrator (Voriconazole),61.0,8.5333,3.7333,10,7.5
416,Smith 1981,oral solution 10 mg,0.08,1.4042,,6,10.0
416,Smith 1981,oral solution 10 mg,0.16,18.8598,,6,10.0
416,Smith 1981,oral solution 10 mg,0.25,41.899,,6,10.0
416,Smith 1981,oral solution 10 mg,0.33,61.1006,,6,10.0
416,Smith 1981,oral solution 10 mg,0.5,51.3567,,6,10.0
416,Smith 1981,oral solution 10 mg,0.75,46.1532,,6,10.0
416,Smith 1981,oral solution 10 mg,1.0,42.0033,,6,10.0
416,Smith 1981,oral solution 10 mg,1.5,31.9678,,6,10.0
416,Smith 1981,oral solution 10 mg,2.0,25.7577,,6,10.0
416,Smith 1981,oral solution 10 mg,3.0,17.1646,,6,10.0
416,Smith 1981,oral solution 10 mg,4.0,12.0829,,6,10.0
416,Smith 1981,oral solution 10 mg,6.0,5.7152,,6,10.0
416,Smith 1981,oral solution 10 mg,8.0,3.192,,6,10.0
417,Smith 1981,oral tablet 10 mg,0.25,6.6223,,6,10.0
417,Smith 1981,oral tablet 10 mg,0.33,33.6201,,6,10.0
417,Smith 1981,oral tablet 10 mg,0.5,37.1299,,6,10.0
417,Smith 1981,oral tablet 10 mg,0.75,41.3258,,6,10.0
417,Smith 1981,oral tablet 10 mg,1.0,43.4608,,6,10.0
417,Smith 1981,oral tablet 10 mg,1.5,49.466,,6,10.0
417,Smith 1981,oral tablet 10 mg,2.0,31.946,,6,10.0
417,Smith 1981,oral tablet 10 mg,3.0,23.252,,6,10.0
417,Smith 1981,oral tablet 10 mg,4.0,13.7434,,6,10.0
417,Smith 1981,oral tablet 10 mg,6.0,6.5588,,6,10.0
417,Smith 1981,oral tablet 10 mg,8.0,3.2041,,6,10.0
423,Templeton 2010,Control (Perpetrator Placebo),0.5,6.489,,6,2.0
423,Templeton 2010,Control (Perpetrator Placebo),1.0,5.5316,,6,2.0
423,Templeton 2010,Control (Perpetrator Placebo),2.0,3.5104,,6,2.0
423,Templeton 2010,Control (Perpetrator Placebo),3.0,2.0744,,6,2.0
423,Templeton 2010,Control (Perpetrator Placebo),4.0,1.3297,,6,2.0
423,Templeton 2010,Control (Perpetrator Placebo),6.0,0.851,,6,2.0
423,Templeton 2010,Control (Perpetrator Placebo),8.0,0.4255,,6,2.0
423,Templeton 2010,Control (Perpetrator Placebo),12.0,0.3723,,6,2.0
423,Templeton 2010,Control (Perpetrator Placebo),20.0,0.0532,,6,2.0
424,Templeton 2010,with Perpetrator (Itraconazole @ 50 mg),4.5,9.6271,,6,2.0
424,Templeton 2010,with Perpetrator (Itraconazole @ 50 mg),5.0,9.7335,,6,2.0
424,Templeton 2010,with Perpetrator (Itraconazole @ 50 mg),6.0,6.8613,,6,2.0
424,Templeton 2010,with Perpetrator (Itraconazole @ 50 mg),7.0,3.9891,,6,2.0
424,Templeton 2010,with Perpetrator (Itraconazole @ 50 mg),8.0,2.819,,6,2.0
424,Templeton 2010,with Perpetrator (Itraconazole @ 50 mg),10.0,1.8084,,6,2.0
424,Templeton 2010,with Perpetrator (Itraconazole @ 50 mg),12.0,1.0638,,6,2.0
424,Templeton 2010,with Perpetrator (Itraconazole @ 50 mg),16.0,0.5319,,6,2.0
424,Templeton 2010,with Perpetrator (Itraconazole @ 50 mg),24.0,0.2659,,6,2.0
425,Templeton 2010,with Perpetrator (Itraconazole @ 200 mg),4.5,16.2225,,6,2.0
425,Templeton 2010,with Perpetrator (Itraconazole @ 200 mg),5.0,15.6906,,6,2.0
425,Templeton 2010,with Perpetrator (Itraconazole @ 200 mg),6.0,11.2228,,6,2.0
425,Templeton 2010,with Perpetrator (Itraconazole @ 200 mg),7.0,7.3932,,6,2.0
425,Templeton 2010,with Perpetrator (Itraconazole @ 200 mg),8.0,5.372,,6,2.0
425,Templeton 2010,with Perpetrator (Itraconazole @ 200 mg),10.0,4.3615,,6,2.0
425,Templeton 2010,with Perpetrator (Itraconazole @ 200 mg),12.0,3.2445,,6,2.0
425,Templeton 2010,with Perpetrator (Itraconazole @ 200 mg),16.0,1.968,,6,2.0
425,Templeton 2010,with Perpetrator (Itraconazole @ 200 mg),24.0,1.0106,,6,2.0
426,Templeton 2010,with Perpetrator (Itraconazole @ 400 mg),4.5,13.5099,,6,2.0
426,Templeton 2010,with Perpetrator (Itraconazole @ 400 mg),5.0,17.2863,,6,2.0
426,Templeton 2010,with Perpetrator (Itraconazole @ 400 mg),6.0,12.978,,6,2.0
426,Templeton 2010,with Perpetrator (Itraconazole @ 400 mg),7.0,8.3506,,6,2.0
426,Templeton 2010,with Perpetrator (Itraconazole @ 400 mg),8.0,6.6486,,6,2.0
426,Templeton 2010,with Perpetrator (Itraconazole @ 400 mg),10.0,4.9465,,6,2.0
426,Templeton 2010,with Perpetrator (Itraconazole @ 400 mg),12.0,3.8296,,6,2.0
426,Templeton 2010,with Perpetrator (Itraconazole @ 400 mg),16.0,2.7658,,6,2.0
426,Templeton 2010,with Perpetrator (Itraconazole @ 400 mg),24.0,1.6488,,6,2.0
468,Yeates 1996,Control (Perpetrator Placebo),0.5,68.9598,37.2827,12,15.0
468,Yeates 1996,Control (Perpetrator Placebo),1.0,57.9323,27.1987,12,15.0
468,Yeates 1996,Control (Perpetrator Placebo),2.0,37.6251,16.1247,12,15.0
468,Yeates 1996,Control (Perpetrator Placebo),3.0,26.0419,19.1333,12,15.0
468,Yeates 1996,Control (Perpetrator Placebo),4.0,16.2026,,12,15.0
468,Yeates 1996,Control (Perpetrator Placebo),5.0,11.5996,,12,15.0
468,Yeates 1996,Control (Perpetrator Placebo),6.0,9.0313,,12,15.0
468,Yeates 1996,Control (Perpetrator Placebo),8.0,5.0598,,12,15.0
468,Yeates 1996,Control (Perpetrator Placebo),12.0,2.6322,,12,15.0
468,Yeates 1996,Control (Perpetrator Placebo),24.0,0.3048,,12,15.0
469,Yeates 1996,with Perpetrator (Clarithromycin),98.0,172.188,114.8384,12,15.0
469,Yeates 1996,with Perpetrator (Clarithromycin),98.5,127.141,66.4865,12,15.0
469,Yeates 1996,with Perpetrator (Clarithromycin),99.5,109.741,31.2219,12,15.0
469,Yeates 1996,with Perpetrator (Clarithromycin),100.5,88.5612,34.2537,12,15.0
469,Yeates 1996,with Perpetrator (Clarithromycin),101.5,63.0226,20.1403,12,15.0
469,Yeates 1996,with Perpetrator (Clarithromycin),102.5,47.659,20.1403,12,15.0
469,Yeates 1996,with Perpetrator (Clarithromycin),103.5,40.144,7.0519,12,15.0
469,Yeates 1996,with Perpetrator (Clarithromycin),105.5,27.4485,,12,15.0
469,Yeates 1996,with Perpetrator (Clarithromycin),109.5,17.7538,,12,15.0
469,Yeates 1996,with Perpetrator (Clarithromycin),121.5,6.7024,,12,15.0
470,Zimmermann 1996,Control (Perpetrator Placebo),0.5,60.2453,,12,15.0
470,Zimmermann 1996,Control (Perpetrator Placebo),1.0,47.1183,,12,15.0
470,Zimmermann 1996,Control (Perpetrator Placebo),2.0,29.3443,,12,15.0
470,Zimmermann 1996,Control (Perpetrator Placebo),3.0,18.2912,,12,15.0
470,Zimmermann 1996,Control (Perpetrator Placebo),4.0,15.1264,,12,15.0
470,Zimmermann 1996,Control (Perpetrator Placebo),5.0,12.2538,,12,15.0
470,Zimmermann 1996,Control (Perpetrator Placebo),6.0,9.3752,,12,15.0
470,Zimmermann 1996,Control (Perpetrator Placebo),8.0,4.2144,,12,15.0
470,Zimmermann 1996,Control (Perpetrator Placebo),12.0,1.772,,12,15.0
471,Zimmermann 1996,with Perpetrator (Erythromycin),98.0,173.6178,,12,15.0
471,Zimmermann 1996,with Perpetrator (Erythromycin),98.5,111.994,,12,15.0
471,Zimmermann 1996,with Perpetrator (Erythromycin),99.5,86.6165,,12,15.0
471,Zimmermann 1996,with Perpetrator (Erythromycin),100.5,54.8148,,12,15.0
471,Zimmermann 1996,with Perpetrator (Erythromycin),101.5,42.8821,,12,15.0
471,Zimmermann 1996,with Perpetrator (Erythromycin),102.5,35.0419,,12,15.0
471,Zimmermann 1996,with Perpetrator (Erythromycin),103.5,28.6597,,12,15.0
471,Zimmermann 1996,with Perpetrator (Erythromycin),105.5,24.0818,,12,15.0
471,Zimmermann 1996,with Perpetrator (Erythromycin),109.5,15.7982,,12,15.0
471,Zimmermann 1996,with Perpetrator (Erythromycin),121.5,4.3682,,12,15.0
939,Kanefendt 2023,"Study 1, midazolam alone",0.5,3.4232,1.56,14,1.0
939,Kanefendt 2023,"Study 1, midazolam alone",0.75,3.8981,1.37,14,1.0
939,Kanefendt 2023,"Study 1, midazolam alone",1.0,3.5381,1.38,14,1.0
939,Kanefendt 2023,"Study 1, midazolam alone",1.5,2.5795,1.41,14,1.0
939,Kanefendt 2023,"Study 1, midazolam alone",2.0,1.9421,1.43,14,1.0
939,Kanefendt 2023,"Study 1, midazolam alone",2.5,1.464,1.49,14,1.0
939,Kanefendt 2023,"Study 1, midazolam alone",3.0,1.0439,1.52,14,1.0
939,Kanefendt 2023,"Study 1, midazolam alone",4.0,0.6537,1.69,14,1.0
939,Kanefendt 2023,"Study 1, midazolam alone",6.0,0.3977,1.81,14,1.0
939,Kanefendt 2023,"Study 1, midazolam alone",8.0,0.2577,1.91,14,1.0
939,Kanefendt 2023,"Study 1, midazolam alone",12.0,0.1305,2.24,14,1.0
939,Kanefendt 2023,"Study 1, midazolam alone",16.0,0.0819,2.47,14,1.0
939,Kanefendt 2023,"Study 1, midazolam alone",24.0,0.0326,2.82,14,1.0
943,Kanefendt 2023,"Study 1, midazolam after pretreatment with carbamazepine",334.5,1.7154,1.62,14,1.0
943,Kanefendt 2023,"Study 1, midazolam after pretreatment with carbamazepine",334.75,1.7355,1.58,14,1.0
943,Kanefendt 2023,"Study 1, midazolam after pretreatment with carbamazepine",335.0,1.2916,1.57,14,1.0
943,Kanefendt 2023,"Study 1, midazolam after pretreatment with carbamazepine",335.5,0.8367,1.6,14,1.0
943,Kanefendt 2023,"Study 1, midazolam after pretreatment with carbamazepine",336.0,0.5374,1.64,14,1.0
943,Kanefendt 2023,"Study 1, midazolam after pretreatment with carbamazepine",336.5,0.3932,1.66,14,1.0
943,Kanefendt 2023,"Study 1, midazolam after pretreatment with carbamazepine",337.0,0.287,1.54,14,1.0
943,Kanefendt 2023,"Study 1, midazolam after pretreatment with carbamazepine",338.0,0.1624,1.54,14,1.0
943,Kanefendt 2023,"Study 1, midazolam after pretreatment with carbamazepine",340.0,0.0634,1.61,14,1.0
943,Kanefendt 2023,"Study 1, midazolam after pretreatment with carbamazepine",342.0,0.0449,1.77,14,1.0
943,Kanefendt 2023,"Study 1, midazolam after pretreatment with carbamazepine",346.0,0.0196,2.61,14,1.0
943,Kanefendt 2023,"Study 1, midazolam after pretreatment with carbamazepine",350.0,0.0098,2.4,14,1.0
1086,Lam 2003,Midazolam before Ketoconazole,0.5,53.8356,,10,10.0
1086,Lam 2003,Midazolam before Ketoconazole,1.0,33.8256,,10,10.0
1086,Lam 2003,Midazolam before Ketoconazole,1.5,28.6836,,10,10.0
1086,Lam 2003,Midazolam before Ketoconazole,2.0,21.4938,,10,10.0
1086,Lam 2003,Midazolam before Ketoconazole,4.0,9.6585,,10,10.0
1086,Lam 2003,Midazolam before Ketoconazole,8.0,5.4723,,10,10.0
1087,Lam 2003,Midazolam after Ketoconazole,265.0,0.0,,10,10.0
1087,Lam 2003,Midazolam after Ketoconazole,265.25,145.6342,,10,10.0
1087,Lam 2003,Midazolam after Ketoconazole,265.5,170.756,,10,10.0
1087,Lam 2003,Midazolam after Ketoconazole,266.0,123.0555,,10,10.0
1087,Lam 2003,Midazolam after Ketoconazole,266.5,117.9134,,10,10.0
1087,Lam 2003,Midazolam after Ketoconazole,267.0,118.4134,,10,10.0
1087,Lam 2003,Midazolam after Ketoconazole,269.0,81.9645,,10,10.0
1087,Lam 2003,Midazolam after Ketoconazole,273.0,54.6996,,10,10.0
1087,Lam 2003,Midazolam after Ketoconazole,275.0,41.8363,,10,10.0
1087,Lam 2003,Midazolam after Ketoconazole,277.0,34.1,,10,10.0
1087,Lam 2003,Midazolam after Ketoconazole,289.0,10.7655,,10,10.0
1088,Lam 2003,Midazolam before Fluvoxamine,0.25,63.1904,,10,10.0
1088,Lam 2003,Midazolam before Fluvoxamine,0.5,63.7651,,10,10.0
1088,Lam 2003,Midazolam before Fluvoxamine,1.0,36.071,,10,10.0
1088,Lam 2003,Midazolam before Fluvoxamine,1.5,29.0601,,10,10.0
1088,Lam 2003,Midazolam before Fluvoxamine,2.0,22.2381,,10,10.0
1088,Lam 2003,Midazolam before Fluvoxamine,4.0,7.4749,,10,10.0
1088,Lam 2003,Midazolam before Fluvoxamine,8.0,2.2377,,10,10.0
1088,Lam 2003,Midazolam before Fluvoxamine,10.0,1.5161,,10,10.0
1089,Lam 2003,Midazolam after Fluvoxamine,265.0,0.0,,10,10.0
1089,Lam 2003,Midazolam after Fluvoxamine,265.25,89.1887,,10,10.0
1089,Lam 2003,Midazolam after Fluvoxamine,265.5,78.7555,,10,10.0
1089,Lam 2003,Midazolam after Fluvoxamine,266.0,51.2516,,10,10.0
1089,Lam 2003,Midazolam after Fluvoxamine,266.5,40.8239,,10,10.0
1089,Lam 2003,Midazolam after Fluvoxamine,267.0,31.7264,,10,10.0
1089,Lam 2003,Midazolam after Fluvoxamine,269.0,9.9422,,10,10.0
1089,Lam 2003,Midazolam after Fluvoxamine,273.0,4.7044,,10,10.0
1089,Lam 2003,Midazolam after Fluvoxamine,275.0,3.7936,,10,10.0
1096,Prueksaritanont 2017,Midazolam in microdosecocktail alone,0.0,0.0518,0.0011,12,0.01
1096,Prueksaritanont 2017,Midazolam in microdosecocktail alone,1.5,0.0405,,12,0.01
1096,Prueksaritanont 2017,Midazolam in microdosecocktail alone,2.0,0.0291,,12,0.01
1096,Prueksaritanont 2017,Midazolam in microdosecocktail alone,3.0,0.0189,0.0004,12,0.01
1096,Prueksaritanont 2017,Midazolam in microdosecocktail alone,4.0,0.0128,0.0063,12,0.01
1096,Prueksaritanont 2017,Midazolam in microdosecocktail alone,6.0,0.0053,0.0017,12,0.01
1096,Prueksaritanont 2017,Midazolam in microdosecocktail alone,8.0,0.004,0.0017,12,0.01
1096,Prueksaritanont 2017,Midazolam in microdosecocktail alone,12.0,0.0022,0.0016,12,0.01
1096,Prueksaritanont 2017,Midazolam in microdosecocktail alone,16.0,0.0032,0.0057,12,0.01
1096,Prueksaritanont 2017,Midazolam in microdosecocktail alone,24.0,0.0029,0.0073,12,0.01
1097,Prueksaritanont 2017,Midazolam in microdosecocktail + Itraconazole,72.0,0.0004,0.0012,8,0.01
1097,Prueksaritanont 2017,Midazolam in microdosecocktail + Itraconazole,72.25,0.0247,0.0164,8,0.01
1097,Prueksaritanont 2017,Midazolam in microdosecocktail + Itraconazole,72.5,0.1042,,8,0.01
1097,Prueksaritanont 2017,Midazolam in microdosecocktail + Itraconazole,73.0,0.1931,0.0865,8,0.01
1097,Prueksaritanont 2017,Midazolam in microdosecocktail + Itraconazole,73.5,0.1707,0.0714,8,0.01
1097,Prueksaritanont 2017,Midazolam in microdosecocktail + Itraconazole,74.0,0.1418,0.0473,8,0.01
1097,Prueksaritanont 2017,Midazolam in microdosecocktail + Itraconazole,75.0,0.1086,0.0454,8,0.01
1097,Prueksaritanont 2017,Midazolam in microdosecocktail + Itraconazole,76.0,0.0866,0.0414,8,0.01
1097,Prueksaritanont 2017,Midazolam in microdosecocktail + Itraconazole,78.0,0.0586,0.028,8,0.01
1097,Prueksaritanont 2017,Midazolam in microdosecocktail + Itraconazole,80.0,0.0467,0.0223,8,0.01
1097,Prueksaritanont 2017,Midazolam in microdosecocktail + Itraconazole,84.0,0.033,0.0157,8,0.01
1097,Prueksaritanont 2017,Midazolam in microdosecocktail + Itraconazole,88.0,0.0232,0.014,8,0.01
1097,Prueksaritanont 2017,Midazolam in microdosecocktail + Itraconazole,96.0,0.0174,0.0123,8,0.01
1097,Prueksaritanont 2017,Midazolam in microdosecocktail + Itraconazole,104.0,0.0157,0.0146,8,0.01
1097,Prueksaritanont 2017,Midazolam in microdosecocktail + Itraconazole,120.0,0.0052,0.0044,8,0.01
1097,Prueksaritanont 2017,Midazolam in microdosecocktail + Itraconazole,144.0,0.0018,0.0019,8,0.01
1098,Prueksaritanont 2017,Midazolam in microdosecocktail + Rifampin,0.0,0.0171,0.01,8,0.01
1098,Prueksaritanont 2017,Midazolam in microdosecocktail + Rifampin,0.5,0.0487,0.019,8,0.01
1098,Prueksaritanont 2017,Midazolam in microdosecocktail + Rifampin,1.0,0.0636,,8,0.01
1098,Prueksaritanont 2017,Midazolam in microdosecocktail + Rifampin,1.5,0.0467,,8,0.01
1098,Prueksaritanont 2017,Midazolam in microdosecocktail + Rifampin,2.0,0.0358,,8,0.01
1098,Prueksaritanont 2017,Midazolam in microdosecocktail + Rifampin,3.0,0.0214,0.0103,8,0.01
1098,Prueksaritanont 2017,Midazolam in microdosecocktail + Rifampin,4.0,0.0142,0.0035,8,0.01
1098,Prueksaritanont 2017,Midazolam in microdosecocktail + Rifampin,6.0,0.008,0.0038,8,0.01
1098,Prueksaritanont 2017,Midazolam in microdosecocktail + Rifampin,8.0,0.0053,0.0034,8,0.01
1098,Prueksaritanont 2017,Midazolam in microdosecocktail + Rifampin,12.0,0.0023,0.0016,8,0.01
1098,Prueksaritanont 2017,Midazolam in microdosecocktail + Rifampin,16.0,0.001,0.001,8,0.01
1099,Prueksaritanont 2017,Midazolam in microdosecocktail + Clarithromycin,72.0,0.0002,0.0007,8,0.01
1099,Prueksaritanont 2017,Midazolam in microdosecocktail + Clarithromycin,72.25,0.0167,0.0071,8,0.01
1099,Prueksaritanont 2017,Midazolam in microdosecocktail + Clarithromycin,72.5,0.0649,,8,0.01
1099,Prueksaritanont 2017,Midazolam in microdosecocktail + Clarithromycin,73.0,0.1254,,8,0.01
1099,Prueksaritanont 2017,Midazolam in microdosecocktail + Clarithromycin,74.0,0.1,,8,0.01
1099,Prueksaritanont 2017,Midazolam in microdosecocktail + Clarithromycin,75.0,0.0814,,8,0.01
1099,Prueksaritanont 2017,Midazolam in microdosecocktail + Clarithromycin,76.0,0.0623,0.0219,8,0.01
1099,Prueksaritanont 2017,Midazolam in microdosecocktail + Clarithromycin,78.0,0.0358,0.0144,8,0.01
1099,Prueksaritanont 2017,Midazolam in microdosecocktail + Clarithromycin,80.0,0.0285,0.0122,8,0.01
1099,Prueksaritanont 2017,Midazolam in microdosecocktail + Clarithromycin,84.0,0.0201,0.0107,8,0.01
1099,Prueksaritanont 2017,Midazolam in microdosecocktail + Clarithromycin,88.0,0.016,0.0099,8,0.01
1099,Prueksaritanont 2017,Midazolam in microdosecocktail + Clarithromycin,96.0,0.0118,0.0083,8,0.01
1099,Prueksaritanont 2017,Midazolam in microdosecocktail + Clarithromycin,104.0,0.0069,0.0055,8,0.01
1099,Prueksaritanont 2017,Midazolam in microdosecocktail + Clarithromycin,120.0,0.0033,0.0038,8,0.01
1107,Backman 1994,Midazolam with placebo,0.5,49.9709,,9,15.0
1107,Backman 1994,Midazolam with placebo,1.0,42.8548,,9,15.0
1107,Backman 1994,Midazolam with placebo,1.5,38.798,,9,15.0
1107,Backman 1994,Midazolam with placebo,2.0,33.381,,9,15.0
1107,Backman 1994,Midazolam with placebo,3.0,23.5663,,9,15.0
1107,Backman 1994,Midazolam with placebo,4.0,15.4517,,9,15.0
1107,Backman 1994,Midazolam with placebo,5.0,10.7351,,9,15.0
1107,Backman 1994,Midazolam with placebo,6.0,9.0746,,9,15.0
1107,Backman 1994,Midazolam with placebo,7.0,7.4163,,9,15.0
1107,Backman 1994,Midazolam with placebo,17.0,2.0377,,9,15.0
1108,Backman 1994,Midazolam with verapamil,25.0,0.5,,9,15.0
1108,Backman 1994,Midazolam with verapamil,25.5,102.3016,,9,15.0
1108,Backman 1994,Midazolam with verapamil,26.0,105.3808,,9,15.0
1108,Backman 1994,Midazolam with verapamil,26.5,78.8948,,9,15.0
1108,Backman 1994,Midazolam with verapamil,27.0,69.0603,,9,15.0
1108,Backman 1994,Midazolam with verapamil,28.0,53.8088,,9,15.0
1108,Backman 1994,Midazolam with verapamil,29.0,43.9952,,9,15.0
1108,Backman 1994,Midazolam with verapamil,30.0,31.1222,,9,15.0
1108,Backman 1994,Midazolam with verapamil,31.0,24.3647,,9,15.0
1108,Backman 1994,Midazolam with verapamil,32.0,20.6686,,9,15.0
1108,Backman 1994,Midazolam with verapamil,42.0,8.1553,,9,15.0
1132,Kanefendt 2023,"Study 2, midazolam alone",0.25,1.7236,1.66,13,1.0
1132,Kanefendt 2023,"Study 2, midazolam alone",0.5,3.6365,1.37,13,1.0
1132,Kanefendt 2023,"Study 2, midazolam alone",0.75,3.5774,1.27,13,1.0
1132,Kanefendt 2023,"Study 2, midazolam alone",1.0,3.0155,1.39,13,1.0
1132,Kanefendt 2023,"Study 2, midazolam alone",1.5,2.102,1.35,13,1.0
1132,Kanefendt 2023,"Study 2, midazolam alone",2.0,1.5701,1.35,13,1.0
1132,Kanefendt 2023,"Study 2, midazolam alone",3.0,1.0666,1.37,13,1.0
1132,Kanefendt 2023,"Study 2, midazolam alone",4.0,0.7909,1.4,13,1.0
1132,Kanefendt 2023,"Study 2, midazolam alone",6.0,0.3584,1.55,13,1.0
1132,Kanefendt 2023,"Study 2, midazolam alone",8.0,0.2443,1.63,13,1.0
1132,Kanefendt 2023,"Study 2, midazolam alone",12.0,0.1353,1.76,13,1.0
1132,Kanefendt 2023,"Study 2, midazolam alone",15.0,0.0798,1.84,13,1.0
1132,Kanefendt 2023,"Study 2, midazolam alone",23.5,0.0246,2.33,13,1.0
1133,Kanefendt 2023,"Study 2, midazolam after pretreatment with carbamazepine",336.25,1.2627,1.59,13,1.0
1133,Kanefendt 2023,"Study 2, midazolam after pretreatment with carbamazepine",336.5,1.738,1.46,13,1.0
1133,Kanefendt 2023,"Study 2, midazolam after pretreatment with carbamazepine",336.75,1.4278,1.3,13,1.0
1133,Kanefendt 2023,"Study 2, midazolam after pretreatment with carbamazepine",337.0,1.1044,1.34,13,1.0
1133,Kanefendt 2023,"Study 2, midazolam after pretreatment with carbamazepine",337.5,0.758,1.42,13,1.0
1133,Kanefendt 2023,"Study 2, midazolam after pretreatment with carbamazepine",338.0,0.5487,1.47,13,1.0
1133,Kanefendt 2023,"Study 2, midazolam after pretreatment with carbamazepine",339.0,0.3045,1.44,13,1.0
1133,Kanefendt 2023,"Study 2, midazolam after pretreatment with carbamazepine",340.0,0.1999,1.48,13,1.0
1133,Kanefendt 2023,"Study 2, midazolam after pretreatment with carbamazepine",342.0,0.0731,1.53,13,1.0
1133,Kanefendt 2023,"Study 2, midazolam after pretreatment with carbamazepine",344.0,0.0469,1.62,13,1.0
1133,Kanefendt 2023,"Study 2, midazolam after pretreatment with carbamazepine",348.0,0.0249,1.88,13,1.0
1133,Kanefendt 2023,"Study 2, midazolam after pretreatment with carbamazepine",351.0,0.0149,1.95,13,1.0
1133,Kanefendt 2023,"Study 2, midazolam after pretreatment with carbamazepine",359.5,0.0045,2.51,13,1.0
1320,Greenblatt 1986,15 mg Midazolam PO control,0.5,25.6377,,6,15.0
1320,Greenblatt 1986,15 mg Midazolam PO control,0.75,73.9957,,6,15.0
1320,Greenblatt 1986,15 mg Midazolam PO control,1.0,65.5989,,6,15.0
1320,Greenblatt 1986,15 mg Midazolam PO control,1.5,38.9243,,6,15.0
1320,Greenblatt 1986,15 mg Midazolam PO control,2.0,29.6245,,6,15.0
1320,Greenblatt 1986,15 mg Midazolam PO control,2.5,26.9032,,6,15.0
1320,Greenblatt 1986,15 mg Midazolam PO control,3.0,18.7445,,6,15.0
1320,Greenblatt 1986,15 mg Midazolam PO control,4.0,12.1495,,6,15.0
1320,Greenblatt 1986,15 mg Midazolam PO control,5.0,5.7575,,6,15.0
1320,Greenblatt 1986,15 mg Midazolam PO control,6.0,4.4888,,6,15.0
1320,Greenblatt 1986,15 mg Midazolam PO control,8.0,2.0109,,6,15.0
1320,Greenblatt 1986,15 mg Midazolam PO control,10.0,1.1837,,6,15.0
1321,Greenblatt 1986,"300 mg QD Cimetidine, 15 mg Midazolam PO",24.5,18.7813,,6,15.0
1321,Greenblatt 1986,"300 mg QD Cimetidine, 15 mg Midazolam PO",24.75,31.573,,6,15.0
1321,Greenblatt 1986,"300 mg QD Cimetidine, 15 mg Midazolam PO",25.0,44.8771,,6,15.0
1321,Greenblatt 1986,"300 mg QD Cimetidine, 15 mg Midazolam PO",25.5,47.4591,,6,15.0
1321,Greenblatt 1986,"300 mg QD Cimetidine, 15 mg Midazolam PO",26.0,40.7734,,6,15.0
1321,Greenblatt 1986,"300 mg QD Cimetidine, 15 mg Midazolam PO",26.5,20.6715,,6,15.0
1321,Greenblatt 1986,"300 mg QD Cimetidine, 15 mg Midazolam PO",27.0,15.6279,,6,15.0
1321,Greenblatt 1986,"300 mg QD Cimetidine, 15 mg Midazolam PO",28.0,8.1154,,6,15.0
1321,Greenblatt 1986,"300 mg QD Cimetidine, 15 mg Midazolam PO",29.0,4.4212,,6,15.0
1321,Greenblatt 1986,"300 mg QD Cimetidine, 15 mg Midazolam PO",30.0,3.2633,,6,15.0
1321,Greenblatt 1986,"300 mg QD Cimetidine, 15 mg Midazolam PO",32.0,1.8801,,6,15.0
1321,Greenblatt 1986,"300 mg QD Cimetidine, 15 mg Midazolam PO",34.0,1.2811,,6,15.0
1323,Fee 1987,15 mg Midazolam control,0.25,16.9808,32.5897,8,15.0
1323,Fee 1987,15 mg Midazolam control,0.5,54.1833,49.1874,8,15.0
1323,Fee 1987,15 mg Midazolam control,0.75,87.2513,41.8093,8,15.0
1323,Fee 1987,15 mg Midazolam control,1.0,87.4938,33.8163,8,15.0
1323,Fee 1987,15 mg Midazolam control,1.25,69.6928,23.364,8,15.0
1323,Fee 1987,15 mg Midazolam control,1.5,69.4995,35.6639,8,15.0
1323,Fee 1987,15 mg Midazolam control,2.0,61.9394,27.671,8,15.0
1323,Fee 1987,15 mg Midazolam control,3.0,49.6463,25.8234,8,15.0
1323,Fee 1987,15 mg Midazolam control,4.0,29.0938,14.7531,8,15.0
1323,Fee 1987,15 mg Midazolam control,5.0,20.2787,11.0671,8,15.0
1323,Fee 1987,15 mg Midazolam control,6.0,11.6799,7.3812,8,15.0
1323,Fee 1987,15 mg Midazolam control,7.0,7.432,4.9187,8,15.0
1323,Fee 1987,15 mg Midazolam control,8.0,7.3131,4.3039,8,15.0
1323,Fee 1987,15 mg Midazolam control,9.0,2.8467,4.3008,8,15.0
1324,Fee 1987,"400 mg BID Cimetidine, 15 mg Midazolam",25.25,44.8079,87.3059,8,15.0
1324,Fee 1987,"400 mg BID Cimetidine, 15 mg Midazolam",25.5,99.6172,41.8085,8,15.0
1324,Fee 1987,"400 mg BID Cimetidine, 15 mg Midazolam",25.75,109.6384,71.3267,8,15.0
1324,Fee 1987,"400 mg BID Cimetidine, 15 mg Midazolam",26.0,89.2293,52.8816,8,15.0
1324,Fee 1987,"400 mg BID Cimetidine, 15 mg Midazolam",26.25,91.4294,46.7271,8,15.0
1324,Fee 1987,"400 mg BID Cimetidine, 15 mg Midazolam",26.5,90.1493,33.2008,8,15.0
1324,Fee 1987,"400 mg BID Cimetidine, 15 mg Midazolam",27.0,88.8934,44.274,8,15.0
1324,Fee 1987,"400 mg BID Cimetidine, 15 mg Midazolam",28.0,55.9489,19.6808,8,15.0
1324,Fee 1987,"400 mg BID Cimetidine, 15 mg Midazolam",29.0,39.0924,23.3635,8,15.0
1324,Fee 1987,"400 mg BID Cimetidine, 15 mg Midazolam",30.0,23.1055,14.7559,8,15.0
1324,Fee 1987,"400 mg BID Cimetidine, 15 mg Midazolam",31.0,16.2439,14.7621,8,15.0
1324,Fee 1987,"400 mg BID Cimetidine, 15 mg Midazolam",32.0,8.0824,3.689,8,15.0
1324,Fee 1987,"400 mg BID Cimetidine, 15 mg Midazolam",33.0,5.5727,4.9186,8,15.0
1324,Fee 1987,"400 mg BID Cimetidine, 15 mg Midazolam",34.0,4.3673,4.9186,8,15.0
1324,Fee 1987,"400 mg BID Cimetidine, 15 mg Midazolam",37.0,3.0425,2.4587,8,15.0
1325,Salonen 1986,15 mg Midazolam PO control,0.0,0.0,,6,15.0
1325,Salonen 1986,15 mg Midazolam PO control,0.25,0.0,,6,15.0
1325,Salonen 1986,15 mg Midazolam PO control,0.5,0.0,,6,15.0
1325,Salonen 1986,15 mg Midazolam PO control,0.75,4.1667,28.2172,6,15.0
1325,Salonen 1986,15 mg Midazolam PO control,1.0,18.8726,26.4161,6,15.0
1325,Salonen 1986,15 mg Midazolam PO control,1.5,42.402,29.4179,6,15.0
1325,Salonen 1986,15 mg Midazolam PO control,2.0,63.9706,27.0164,6,15.0
1325,Salonen 1986,15 mg Midazolam PO control,3.0,57.8431,22.8139,6,15.0
1325,Salonen 1986,15 mg Midazolam PO control,4.0,56.1275,19.2117,6,15.0
1325,Salonen 1986,15 mg Midazolam PO control,5.0,35.2941,14.4088,6,15.0
1326,Salonen 1986,"400 mg Cimetidine, 15 mg Midazolam",2.0,0.0,,6,15.0
1326,Salonen 1986,"400 mg Cimetidine, 15 mg Midazolam",2.25,0.0,,6,15.0
1326,Salonen 1986,"400 mg Cimetidine, 15 mg Midazolam",2.5,0.0,,6,15.0
1326,Salonen 1986,"400 mg Cimetidine, 15 mg Midazolam",2.75,27.9412,51.6314,6,15.0
1326,Salonen 1986,"400 mg Cimetidine, 15 mg Midazolam",3.0,64.2157,52.8321,6,15.0
1326,Salonen 1986,"400 mg Cimetidine, 15 mg Midazolam",3.5,69.3628,30.6186,6,15.0
1326,Salonen 1986,"400 mg Cimetidine, 15 mg Midazolam",4.0,67.8922,27.6168,6,15.0
1326,Salonen 1986,"400 mg Cimetidine, 15 mg Midazolam",5.0,68.1372,39.0237,6,15.0
1326,Salonen 1986,"400 mg Cimetidine, 15 mg Midazolam",6.0,57.8431,34.8212,6,15.0
1326,Salonen 1986,"400 mg Cimetidine, 15 mg Midazolam",7.0,48.2843,40.2245,6,15.0
1345,Elliott 1984,Midazolam/H2O,0.0,0.0,,5,15.0
1345,Elliott 1984,Midazolam/H2O,0.25,-0.3059,,5,15.0
1345,Elliott 1984,Midazolam/H2O,0.5,15.1743,,5,15.0
1345,Elliott 1984,Midazolam/H2O,0.75,19.7821,,5,15.0
1345,Elliott 1984,Midazolam/H2O,1.0,41.2655,,5,15.0
1345,Elliott 1984,Midazolam/H2O,1.5,38.6937,,5,15.0
1345,Elliott 1984,Midazolam/H2O,2.0,33.58,,5,15.0
1345,Elliott 1984,Midazolam/H2O,2.5,39.1005,,5,15.0
1345,Elliott 1984,Midazolam/H2O,3.0,35.3713,,5,15.0
1345,Elliott 1984,Midazolam/H2O,4.0,26.066,,5,15.0
1345,Elliott 1984,Midazolam/H2O,5.0,14.4472,,5,15.0
1345,Elliott 1984,Midazolam/H2O,6.0,8.8411,,5,15.0
1345,Elliott 1984,Midazolam/H2O,7.0,7.6294,,5,15.0
1345,Elliott 1984,Midazolam/H2O,8.0,4.5654,,5,15.0
1345,Elliott 1984,Midazolam/H2O,9.0,1.2714,,5,15.0
1345,Elliott 1984,Midazolam/H2O,12.0,1.5587,,5,15.0
1345,Elliott 1984,Midazolam/H2O,24.0,0.6278,,5,15.0
1346,Elliott 1984,Midazolam/cimetidine,26.5,0.0,,5,15.0
1346,Elliott 1984,Midazolam/cimetidine,26.75,69.0567,,5,15.0
1346,Elliott 1984,Midazolam/cimetidine,27.0,110.6607,,5,15.0
1346,Elliott 1984,Midazolam/cimetidine,27.25,97.932,,5,15.0
1346,Elliott 1984,Midazolam/cimetidine,27.5,78.263,,5,15.0
1346,Elliott 1984,Midazolam/cimetidine,28.0,67.369,,5,15.0
1346,Elliott 1984,Midazolam/cimetidine,28.5,66.6456,,5,15.0
1346,Elliott 1984,Midazolam/cimetidine,29.0,51.5844,,5,15.0
1346,Elliott 1984,Midazolam/cimetidine,29.5,47.6267,,5,15.0
1346,Elliott 1984,Midazolam/cimetidine,30.5,38.32,,5,15.0
1346,Elliott 1984,Midazolam/cimetidine,31.5,21.8485,,5,15.0
1346,Elliott 1984,Midazolam/cimetidine,32.5,18.5519,,5,15.0
1346,Elliott 1984,Midazolam/cimetidine,33.5,16.6466,,5,15.0
1346,Elliott 1984,Midazolam/cimetidine,34.5,9.8818,,5,15.0
1346,Elliott 1984,Midazolam/cimetidine,35.5,7.7439,,5,15.0
1346,Elliott 1984,Midazolam/cimetidine,38.5,2.7148,,5,15.0
1346,Elliott 1984,Midazolam/cimetidine,50.5,-0.0658,,5,15.0
1348,Lutz 2018a,"Cohort 1, Control",0.25,4.2504,2.7726,20,2.0
1348,Lutz 2018a,"Cohort 1, Control",0.5,9.4925,,20,2.0
1348,Lutz 2018a,"Cohort 1, Control",0.75,11.6043,,20,2.0
1348,Lutz 2018a,"Cohort 1, Control",1.0,10.1499,,20,2.0
1348,Lutz 2018a,"Cohort 1, Control",1.5,6.6419,,20,2.0
1348,Lutz 2018a,"Cohort 1, Control",2.0,4.5958,,20,2.0
1348,Lutz 2018a,"Cohort 1, Control",4.0,1.8405,,20,2.0
1348,Lutz 2018a,"Cohort 1, Control",8.0,0.7049,,20,2.0
1348,Lutz 2018a,"Cohort 1, Control",12.0,0.399,,20,2.0
1349,Lutz 2018a,"Cohort 2, Control",0.25,3.6356,,20,2.0
1349,Lutz 2018a,"Cohort 2, Control",0.5,10.379,4.7893,20,2.0
1349,Lutz 2018a,"Cohort 2, Control",0.75,14.3451,3.9919,20,2.0
1349,Lutz 2018a,"Cohort 2, Control",1.0,12.4079,3.2768,20,2.0
1349,Lutz 2018a,"Cohort 2, Control",1.5,8.396,2.5786,20,2.0
1349,Lutz 2018a,"Cohort 2, Control",2.0,5.6812,2.171,20,2.0
1349,Lutz 2018a,"Cohort 2, Control",4.0,2.225,0.9549,20,2.0
1349,Lutz 2018a,"Cohort 2, Control",8.0,0.8617,0.4405,20,2.0
1349,Lutz 2018a,"Cohort 2, Control",12.0,0.4412,0.2638,20,2.0
1350,Lutz 2018a,"Cohort 2, 2 mg Rifampicin",228.25,3.4769,,20,2.0
1350,Lutz 2018a,"Cohort 2, 2 mg Rifampicin",228.5,8.4902,4.1978,20,2.0
1350,Lutz 2018a,"Cohort 2, 2 mg Rifampicin",228.75,11.2223,3.4466,20,2.0
1350,Lutz 2018a,"Cohort 2, 2 mg Rifampicin",229.0,9.8157,2.5922,20,2.0
1350,Lutz 2018a,"Cohort 2, 2 mg Rifampicin",229.5,6.352,2.3299,20,2.0
1350,Lutz 2018a,"Cohort 2, 2 mg Rifampicin",230.0,4.4445,1.9788,20,2.0
1350,Lutz 2018a,"Cohort 2, 2 mg Rifampicin",232.0,1.6279,0.8598,20,2.0
1350,Lutz 2018a,"Cohort 2, 2 mg Rifampicin",236.0,0.6235,0.3953,20,2.0
1350,Lutz 2018a,"Cohort 2, 2 mg Rifampicin",240.0,0.349,0.2213,20,2.0
1351,Lutz 2018a,"Cohort 1, 10 mg Rifampicin",228.25,3.18,2.1929,20,2.0
1351,Lutz 2018a,"Cohort 1, 10 mg Rifampicin",228.5,5.6182,2.6846,20,2.0
1351,Lutz 2018a,"Cohort 1, 10 mg Rifampicin",228.75,6.1428,2.16,20,2.0
1351,Lutz 2018a,"Cohort 1, 10 mg Rifampicin",229.0,5.0249,1.9202,20,2.0
1351,Lutz 2018a,"Cohort 1, 10 mg Rifampicin",229.5,2.941,1.5034,20,2.0
1351,Lutz 2018a,"Cohort 1, 10 mg Rifampicin",230.0,1.8612,0.9514,20,2.0
1351,Lutz 2018a,"Cohort 1, 10 mg Rifampicin",232.0,0.6166,0.2646,20,2.0
1351,Lutz 2018a,"Cohort 1, 10 mg Rifampicin",236.0,0.2089,0.0831,20,2.0
1351,Lutz 2018a,"Cohort 1, 10 mg Rifampicin",240.0,0.1413,0.0334,20,2.0
1352,Lutz 2018a,"Cohort 1, 75 mg Rifampicin",660.25,1.1139,,20,2.0
1352,Lutz 2018a,"Cohort 1, 75 mg Rifampicin",660.5,1.8201,,20,2.0
1352,Lutz 2018a,"Cohort 1, 75 mg Rifampicin",660.75,1.7602,,20,2.0
1352,Lutz 2018a,"Cohort 1, 75 mg Rifampicin",661.0,1.3169,,20,2.0
1352,Lutz 2018a,"Cohort 1, 75 mg Rifampicin",661.5,0.7454,,20,2.0
1352,Lutz 2018a,"Cohort 1, 75 mg Rifampicin",662.0,0.4461,,20,2.0
1352,Lutz 2018a,"Cohort 1, 75 mg Rifampicin",664.0,0.1445,,20,2.0
1353,Lutz 2018a,"Cohort 2, 600 mg Rifampicin",660.25,1.4889,0.8377,20,2.0
1353,Lutz 2018a,"Cohort 2, 600 mg Rifampicin",660.5,2.0809,0.8931,20,2.0
1353,Lutz 2018a,"Cohort 2, 600 mg Rifampicin",660.75,1.8405,0.7899,20,2.0
1353,Lutz 2018a,"Cohort 2, 600 mg Rifampicin",661.0,1.4399,0.5951,20,2.0
1353,Lutz 2018a,"Cohort 2, 600 mg Rifampicin",661.5,0.815,0.3628,20,2.0
1353,Lutz 2018a,"Cohort 2, 600 mg Rifampicin",662.0,0.4878,0.2016,20,2.0
1353,Lutz 2018a,"Cohort 2, 600 mg Rifampicin",664.0,0.1563,0.0413,20,2.0
1361,Chattopadhyay 2018,Control (without Rifampicin),0.5,3.1442,0.0015,11,1.0
1361,Chattopadhyay 2018,Control (without Rifampicin),1.0,2.5558,0.0014,11,1.0
1361,Chattopadhyay 2018,Control (without Rifampicin),1.5,1.6858,0.0013,11,1.0
1361,Chattopadhyay 2018,Control (without Rifampicin),2.0,1.2363,0.0013,11,1.0
1361,Chattopadhyay 2018,Control (without Rifampicin),2.5,1.0012,0.0014,11,1.0
1361,Chattopadhyay 2018,Control (without Rifampicin),3.0,0.7819,0.0013,11,1.0
1361,Chattopadhyay 2018,Control (without Rifampicin),3.5,0.6697,0.0014,11,1.0
1361,Chattopadhyay 2018,Control (without Rifampicin),4.0,0.5977,0.0014,11,1.0
1361,Chattopadhyay 2018,Control (without Rifampicin),4.5,0.4706,0.0014,11,1.0
1361,Chattopadhyay 2018,Control (without Rifampicin),5.0,0.3821,0.0014,11,1.0
1361,Chattopadhyay 2018,Control (without Rifampicin),6.0,0.3353,0.0015,11,1.0
1361,Chattopadhyay 2018,Control (without Rifampicin),8.0,0.2303,0.0017,11,1.0
1361,Chattopadhyay 2018,Control (without Rifampicin),12.0,0.1386,0.0019,11,1.0
1361,Chattopadhyay 2018,Control (without Rifampicin),15.0,0.1135,0.0018,11,1.0
1361,Chattopadhyay 2018,Control (without Rifampicin),24.0,0.0474,0.0019,11,1.0
1362,Chattopadhyay 2018,with Perpetrator (Rifampicin),168.5,0.5419,0.0015,11,1.0
1362,Chattopadhyay 2018,with Perpetrator (Rifampicin),169.0,0.4086,0.0016,11,1.0
1362,Chattopadhyay 2018,with Perpetrator (Rifampicin),169.5,0.3062,0.0016,11,1.0
1362,Chattopadhyay 2018,with Perpetrator (Rifampicin),170.0,0.2124,0.0016,11,1.0
1362,Chattopadhyay 2018,with Perpetrator (Rifampicin),170.5,0.1588,0.0017,11,1.0
1362,Chattopadhyay 2018,with Perpetrator (Rifampicin),171.0,0.1225,0.0016,11,1.0
1362,Chattopadhyay 2018,with Perpetrator (Rifampicin),171.5,0.1043,0.0016,11,1.0
1362,Chattopadhyay 2018,with Perpetrator (Rifampicin),172.0,0.0826,0.0015,11,1.0
1362,Chattopadhyay 2018,with Perpetrator (Rifampicin),172.5,0.0635,0.0015,11,1.0
1362,Chattopadhyay 2018,with Perpetrator (Rifampicin),173.0,0.0475,0.0015,11,1.0
1362,Chattopadhyay 2018,with Perpetrator (Rifampicin),174.0,0.0374,0.0014,11,1.0
1362,Chattopadhyay 2018,with Perpetrator (Rifampicin),176.0,0.026,0.0015,11,1.0
1362,Chattopadhyay 2018,with Perpetrator (Rifampicin),180.0,0.0134,0.0015,11,1.0
1362,Chattopadhyay 2018,with Perpetrator (Rifampicin),183.0,0.0113,0.0015,11,1.0
1391,Ahonen 1997,Midazolam placebo,1.0,0.0,,9,7.5
1391,Ahonen 1997,Midazolam placebo,1.5,25.1,,9,7.5
1391,Ahonen 1997,Midazolam placebo,2.0,21.9,,9,7.5
1391,Ahonen 1997,Midazolam placebo,2.5,20.5,,9,7.5
1391,Ahonen 1997,Midazolam placebo,3.0,17.8,,9,7.5
1391,Ahonen 1997,Midazolam placebo,4.0,15.6,,9,7.5
1391,Ahonen 1997,Midazolam placebo,5.0,9.95,,9,7.5
1391,Ahonen 1997,Midazolam placebo,6.0,6.1,,9,7.5
1391,Ahonen 1997,Midazolam placebo,7.0,4.67,,9,7.5
1391,Ahonen 1997,Midazolam placebo,8.0,3.84,,9,7.5
1391,Ahonen 1997,Midazolam placebo,18.0,0.0,,9,7.5
1392,Ahonen 1997,Midazolam with perpetrator fluconazole i.v,1.0,0.0,,9,7.5
1392,Ahonen 1997,Midazolam with perpetrator fluconazole i.v,1.5,39.0,,9,7.5
1392,Ahonen 1997,Midazolam with perpetrator fluconazole i.v,2.0,51.7,,9,7.5
1392,Ahonen 1997,Midazolam with perpetrator fluconazole i.v,2.5,48.4,,9,7.5
1392,Ahonen 1997,Midazolam with perpetrator fluconazole i.v,3.0,47.8,,9,7.5
1392,Ahonen 1997,Midazolam with perpetrator fluconazole i.v,4.0,40.0,,9,7.5
1392,Ahonen 1997,Midazolam with perpetrator fluconazole i.v,5.0,31.9,,9,7.5
1392,Ahonen 1997,Midazolam with perpetrator fluconazole i.v,6.0,23.0,,9,7.5
1392,Ahonen 1997,Midazolam with perpetrator fluconazole i.v,7.0,18.5,,9,7.5
1392,Ahonen 1997,Midazolam with perpetrator fluconazole i.v,8.0,16.3,,9,7.5
1392,Ahonen 1997,Midazolam with perpetrator fluconazole i.v,18.0,4.99,,9,7.5
1393,Ahonen 1997,Midazolam with perpetrator fluconazole oral,1.0,0.0,,9,7.5
1393,Ahonen 1997,Midazolam with perpetrator fluconazole oral,1.5,48.9,,9,7.5
1393,Ahonen 1997,Midazolam with perpetrator fluconazole oral,2.0,71.6,,9,7.5
1393,Ahonen 1997,Midazolam with perpetrator fluconazole oral,2.5,61.7,,9,7.5
1393,Ahonen 1997,Midazolam with perpetrator fluconazole oral,3.0,54.7,,9,7.5
1393,Ahonen 1997,Midazolam with perpetrator fluconazole oral,4.0,39.1,,9,7.5
1393,Ahonen 1997,Midazolam with perpetrator fluconazole oral,5.0,30.3,,9,7.5
1393,Ahonen 1997,Midazolam with perpetrator fluconazole oral,6.0,23.0,,9,7.5
1393,Ahonen 1997,Midazolam with perpetrator fluconazole oral,7.0,18.5,,9,7.5
1393,Ahonen 1997,Midazolam with perpetrator fluconazole oral,8.0,16.3,,9,7.5
1393,Ahonen 1997,Midazolam with perpetrator fluconazole oral,18.0,3.99,,9,7.5
1463,Datta-Mannan 2024,Midazolam without carbamazepine,0.25,2.0475,1.0504,15,1.2
1463,Datta-Mannan 2024,Midazolam without carbamazepine,0.5,5.3555,2.0831,15,1.2
1463,Datta-Mannan 2024,Midazolam without carbamazepine,1.0,5.4419,1.8031,15,1.2
1463,Datta-Mannan 2024,Midazolam without carbamazepine,2.0,2.7616,1.3129,15,1.2
1463,Datta-Mannan 2024,Midazolam without carbamazepine,3.0,1.4989,0.7352,15,1.2
1463,Datta-Mannan 2024,Midazolam without carbamazepine,4.0,0.9892,0.4551,15,1.2
1463,Datta-Mannan 2024,Midazolam without carbamazepine,5.0,0.7243,0.4553,15,1.2
1463,Datta-Mannan 2024,Midazolam without carbamazepine,6.0,0.5646,0.2976,15,1.2
1463,Datta-Mannan 2024,Midazolam without carbamazepine,8.0,0.3952,0.2626,15,1.2
1465,Datta-Mannan 2024,Midazolam with carbamazepine on Day 14,288.25,1.2074,0.4725,14,1.2
1465,Datta-Mannan 2024,Midazolam with carbamazepine on Day 14,288.5,2.327,1.0154,14,1.2
1465,Datta-Mannan 2024,Midazolam with carbamazepine on Day 14,289.0,1.7309,0.6652,14,1.2
1465,Datta-Mannan 2024,Midazolam with carbamazepine on Day 14,290.0,0.871,0.6652,14,1.2
1465,Datta-Mannan 2024,Midazolam with carbamazepine on Day 14,291.0,0.3436,,14,1.2
1465,Datta-Mannan 2024,Midazolam with carbamazepine on Day 14,292.0,0.2364,,14,1.2
1465,Datta-Mannan 2024,Midazolam with carbamazepine on Day 14,293.0,0.1292,,14,1.2
1465,Datta-Mannan 2024,Midazolam with carbamazepine on Day 14,294.0,0.091,,14,1.2
1465,Datta-Mannan 2024,Midazolam with carbamazepine on Day 14,296.0,0.0601,,14,1.2
2000,van Dyk 2018,Midazolam in Caucasian at baseline ,15.0,1.0978,0.1996,19,1.0
2000,van Dyk 2018,Midazolam in Caucasian at baseline ,30.0,5.0299,0.499,19,1.0
2000,van Dyk 2018,Midazolam in Caucasian at baseline ,45.0,7.1856,0.8383,19,1.0
2000,van Dyk 2018,Midazolam in Caucasian at baseline ,60.0,6.8862,0.8383,19,1.0
2000,van Dyk 2018,Midazolam in Caucasian at baseline ,120.0,3.4331,0.3992,19,1.0
2000,van Dyk 2018,Midazolam in Caucasian at baseline ,180.0,2.3353,0.3593,19,1.0
2000,van Dyk 2018,Midazolam in Caucasian at baseline ,240.0,1.7964,0.1996,19,1.0
2000,van Dyk 2018,Midazolam in Caucasian at baseline ,360.0,1.3972,0.2794,19,1.0
2001,van Dyk 2018,Midazolam in South Asian at baseline,15.0,1.2575,0.1397,11,1.0
2001,van Dyk 2018,Midazolam in South Asian at baseline,30.0,3.3333,0.3792,11,1.0
2001,van Dyk 2018,Midazolam in South Asian at baseline,45.0,5.5489,0.6587,11,1.0
2001,van Dyk 2018,Midazolam in South Asian at baseline,60.0,5.4291,0.6188,11,1.0
2001,van Dyk 2018,Midazolam in South Asian at baseline,120.0,2.515,0.2994,11,1.0
2001,van Dyk 2018,Midazolam in South Asian at baseline,180.0,1.6168,0.2794,11,1.0
2001,van Dyk 2018,Midazolam in South Asian at baseline,240.0,1.1776,0.3593,11,1.0
2001,van Dyk 2018,Midazolam in South Asian at baseline,360.0,0.8184,0.2595,11,1.0
2040,Katzenmaier 2010,Midazolam control,0.25,12.0608,7.8557,12,3.0
2040,Katzenmaier 2010,Midazolam control,0.5,16.6356,5.9611,12,3.0
2040,Katzenmaier 2010,Midazolam control,0.75,13.8168,5.499,12,3.0
2040,Katzenmaier 2010,Midazolam control,1.0,11.4139,5.4066,12,3.0
2040,Katzenmaier 2010,Midazolam control,1.5,8.2716,4.3437,12,3.0
2040,Katzenmaier 2010,Midazolam control,2.0,6.0535,3.0961,12,3.0
2040,Katzenmaier 2010,Midazolam control,2.5,4.9445,2.4953,12,3.0
2040,Katzenmaier 2010,Midazolam control,3.0,3.2347,1.4325,12,3.0
2040,Katzenmaier 2010,Midazolam control,4.0,2.1719,1.2477,12,3.0
2040,Katzenmaier 2010,Midazolam control,6.0,1.2015,0.9242,12,3.0
2040,Katzenmaier 2010,Midazolam control,8.0,0.7856,,12,3.0
2040,Katzenmaier 2010,Midazolam control,10.0,0.6469,,12,3.0
2041,Katzenmaier 2010,Midazolam + Efavirenz,336.25,2.6802,1.9408,12,3.0
2041,Katzenmaier 2010,Midazolam + Efavirenz,336.5,3.0036,1.2939,12,3.0
2041,Katzenmaier 2010,Midazolam + Efavirenz,336.75,1.8946,,12,3.0
2041,Katzenmaier 2010,Midazolam + Efavirenz,337.0,1.4325,,12,3.0
2041,Katzenmaier 2010,Midazolam + Efavirenz,337.5,0.878,,12,3.0
2041,Katzenmaier 2010,Midazolam + Efavirenz,338.0,0.5545,,12,3.0
2041,Katzenmaier 2010,Midazolam + Efavirenz,338.5,0.4621,,12,3.0
2041,Katzenmaier 2010,Midazolam + Efavirenz,339.0,0.3235,,12,3.0
2041,Katzenmaier 2010,Midazolam + Efavirenz,340.0,0.2773,,12,3.0
2042,Mikus 2017,Midazolam control PO,0.1666667,8.6639,10.436,12,4.0
2042,Mikus 2017,Midazolam control PO,0.3333333,25.7947,15.4571,12,4.0
2042,Mikus 2017,Midazolam control PO,0.5,24.7117,7.0886,12,4.0
2042,Mikus 2017,Midazolam control PO,0.75,19.9859,3.9381,12,4.0
2042,Mikus 2017,Midazolam control PO,1.0,16.2447,4.0366,12,4.0
2042,Mikus 2017,Midazolam control PO,1.5,11.519,3.052,12,4.0
2042,Mikus 2017,Midazolam control PO,2.0,8.0731,2.0675,12,4.0
2042,Mikus 2017,Midazolam control PO,3.0,5.1196,1.5752,12,4.0
2042,Mikus 2017,Midazolam control PO,4.0,3.6428,1.1814,12,4.0
2042,Mikus 2017,Midazolam control PO,5.0,2.4613,0.7876,12,4.0
2044,Mikus 2017,Efavirenz + Midazolam PO day 1,12.1666667,5.1196,5.0211,12,4.0
2044,Mikus 2017,Efavirenz + Midazolam PO day 1,12.3333333,18.0169,8.9592,12,4.0
2044,Mikus 2017,Efavirenz + Midazolam PO day 1,12.5,17.5246,7.2855,12,4.0
2044,Mikus 2017,Efavirenz + Midazolam PO day 1,12.75,13.7834,4.7257,12,4.0
2044,Mikus 2017,Efavirenz + Midazolam PO day 1,13.0,10.7314,4.6273,12,4.0
2044,Mikus 2017,Efavirenz + Midazolam PO day 1,13.5,7.1871,3.3474,12,4.0
2044,Mikus 2017,Efavirenz + Midazolam PO day 1,14.0,4.9226,1.9691,12,4.0
2044,Mikus 2017,Efavirenz + Midazolam PO day 1,15.0,3.2489,1.3783,12,4.0
2044,Mikus 2017,Efavirenz + Midazolam PO day 1,16.0,2.4613,1.2799,12,4.0
2044,Mikus 2017,Efavirenz + Midazolam PO day 1,17.0,1.5752,0.6892,12,4.0
2044,Mikus 2017,Efavirenz + Midazolam PO day 1,18.0,1.2799,0.0985,12,4.0
16500,Mueller 2009,Midazolam before St. John's Wort,0.167,5.226,7.4625,20,7.5
16500,Mueller 2009,Midazolam before St. John's Wort,0.25,23.2869,33.7314,20,7.5
16500,Mueller 2009,Midazolam before St. John's Wort,0.333,29.5563,28.2091,20,7.5
16500,Mueller 2009,Midazolam before St. John's Wort,0.5,37.4689,25.3734,20,7.5
16500,Mueller 2009,Midazolam before St. John's Wort,0.65,34.337,20.4479,20,7.5
16500,Mueller 2009,Midazolam before St. John's Wort,0.833,32.5476,20.448,20,7.5
16500,Mueller 2009,Midazolam before St. John's Wort,1.0,31.5052,18.9557,20,7.5
16500,Mueller 2009,Midazolam before St. John's Wort,1.5,25.2427,13.7315,20,7.5
16500,Mueller 2009,Midazolam before St. John's Wort,2.0,25.2487,13.4331,20,7.5
16500,Mueller 2009,Midazolam before St. John's Wort,2.5,20.3299,8.2093,20,7.5
16500,Mueller 2009,Midazolam before St. John's Wort,3.0,15.8583,7.0151,20,7.5
16500,Mueller 2009,Midazolam before St. John's Wort,4.0,11.2441,5.224,20,7.5
16500,Mueller 2009,Midazolam before St. John's Wort,6.0,5.5972,2.836,20,7.5
16500,Mueller 2009,Midazolam before St. John's Wort,8.0,3.682,2.6869,20,7.5
16500,Mueller 2009,Midazolam before St. John's Wort,12.0,2.2391,1.4925,20,7.5
16501,Mueller 2009,Midazolam after St. John's Wort,312.167,2.838,1.1939,20,7.5
16501,Mueller 2009,Midazolam after St. John's Wort,312.25,18.66,26.8651,20,7.5
16501,Mueller 2009,Midazolam after St. John's Wort,312.333,35.9742,36.5667,20,7.5
16501,Mueller 2009,Midazolam after St. John's Wort,312.5,29.4093,27.6116,20,7.5
16501,Mueller 2009,Midazolam after St. John's Wort,312.65,27.4713,16.5671,20,7.5
16501,Mueller 2009,Midazolam after St. John's Wort,312.833,27.9206,16.4174,20,7.5
16501,Mueller 2009,Midazolam after St. John's Wort,313.0,28.6692,16.4175,20,7.5
16501,Mueller 2009,Midazolam after St. John's Wort,313.5,23.3022,11.6414,20,7.5
16501,Mueller 2009,Midazolam after St. John's Wort,314.0,20.025,9.2535,20,7.5
16501,Mueller 2009,Midazolam after St. John's Wort,314.5,16.4491,8.2084,20,7.5
16501,Mueller 2009,Midazolam after St. John's Wort,315.0,13.6197,5.8209,20,7.5
16501,Mueller 2009,Midazolam after St. John's Wort,316.0,9.3038,4.7759,20,7.5
16501,Mueller 2009,Midazolam after St. John's Wort,318.0,4.851,2.6862,20,7.5
16501,Mueller 2009,Midazolam after St. John's Wort,320.0,2.9359,1.94,20,7.5
16501,Mueller 2009,Midazolam after St. John's Wort,324.0,2.09,1.1935,20,7.5
16511,Hall 2003,"Midazolam without Hyperforin, PO dosing",1.5,11.1764,7.1346,12,5.0
16511,Hall 2003,"Midazolam without Hyperforin, PO dosing",1.75,12.0291,8.961,12,5.0
16511,Hall 2003,"Midazolam without Hyperforin, PO dosing",2.0,12.5453,9.8103,12,5.0
16511,Hall 2003,"Midazolam without Hyperforin, PO dosing",2.5,11.4137,9.1401,12,5.0
16511,Hall 2003,"Midazolam without Hyperforin, PO dosing",3.0,10.4937,9.2144,12,5.0
16511,Hall 2003,"Midazolam without Hyperforin, PO dosing",3.5,9.8528,9.4456,12,5.0
16511,Hall 2003,"Midazolam without Hyperforin, PO dosing",4.0,8.8703,8.6872,12,5.0
16511,Hall 2003,"Midazolam without Hyperforin, PO dosing",5.0,6.6799,,12,5.0
16511,Hall 2003,"Midazolam without Hyperforin, PO dosing",7.0,4.0772,,12,5.0
16511,Hall 2003,"Midazolam without Hyperforin, PO dosing",9.0,2.944,,12,5.0
16513,Hall 2003,"Midazolam with Hyperforin, PO dosing",529.0,0.2,,12,5.0
16513,Hall 2003,"Midazolam with Hyperforin, PO dosing",529.5,9.251,3.696,12,5.0
16513,Hall 2003,"Midazolam with Hyperforin, PO dosing",529.75,9.3486,2.6805,12,5.0
16513,Hall 2003,"Midazolam with Hyperforin, PO dosing",530.0,9.8528,4.0821,12,5.0
16513,Hall 2003,"Midazolam with Hyperforin, PO dosing",530.5,8.5951,3.8191,12,5.0
16513,Hall 2003,"Midazolam with Hyperforin, PO dosing",531.0,7.8198,4.4647,12,5.0
16513,Hall 2003,"Midazolam with Hyperforin, PO dosing",531.5,6.4726,3.5893,12,5.0
16513,Hall 2003,"Midazolam with Hyperforin, PO dosing",532.0,5.7061,4.678,12,5.0
16513,Hall 2003,"Midazolam with Hyperforin, PO dosing",533.0,4.1637,4.0778,12,5.0
16513,Hall 2003,"Midazolam with Hyperforin, PO dosing",535.0,2.017,,12,5.0
16513,Hall 2003,"Midazolam with Hyperforin, PO dosing",537.0,1.4262,,12,5.0
16516,Mueller 2006,Midazolam without hyperforin (group: LI 160),0.25,23.6904,21.4658,7,7.5
16516,Mueller 2006,Midazolam without hyperforin (group: LI 160),0.5,55.7398,25.511,7,7.5
16516,Mueller 2006,Midazolam without hyperforin (group: LI 160),0.75,47.0346,14.3103,7,7.5
16516,Mueller 2006,Midazolam without hyperforin (group: LI 160),1.0,40.1953,14.6229,7,7.5
16516,Mueller 2006,Midazolam without hyperforin (group: LI 160),1.5,29.6286,11.8229,7,7.5
16516,Mueller 2006,Midazolam without hyperforin (group: LI 160),2.0,20.9285,7.1562,7,7.5
16516,Mueller 2006,Midazolam without hyperforin (group: LI 160),2.5,15.9625,5.2889,7,7.5
16516,Mueller 2006,Midazolam without hyperforin (group: LI 160),3.0,12.2401,4.0452,7,7.5
16516,Mueller 2006,Midazolam without hyperforin (group: LI 160),4.0,7.5962,4.0452,7,7.5
16516,Mueller 2006,Midazolam without hyperforin (group: LI 160),6.0,5.1512,4.0444,7,7.5
16517,Mueller 2006,Midazolam with hyperforin (group: LI 160),312.25,13.7342,13.0666,7,7.5
16517,Mueller 2006,Midazolam with hyperforin (group: LI 160),312.5,14.0504,8.4007,7,7.5
16517,Mueller 2006,Midazolam with hyperforin (group: LI 160),312.75,10.9459,4.6666,7,7.5
16517,Mueller 2006,Midazolam with hyperforin (group: LI 160),313.0,11.8836,9.6451,7,7.5
16517,Mueller 2006,Midazolam with hyperforin (group: LI 160),313.5,6.2961,3.4215,7,7.5
16517,Mueller 2006,Midazolam with hyperforin (group: LI 160),314.0,4.1293,2.1778,7,7.5
16517,Mueller 2006,Midazolam with hyperforin (group: LI 160),314.5,2.8966,0.9333,7,7.5
16517,Mueller 2006,Midazolam with hyperforin (group: LI 160),315.0,2.2846,1.5555,7,7.5
16517,Mueller 2006,Midazolam with hyperforin (group: LI 160),316.0,2.9288,0.9333,7,7.5
16518,Mueller 2006,Midazolam without hyperforin (group: Hypericum powder type B 2.7 g/day),0.25,25.6134,,7,7.5
16518,Mueller 2006,Midazolam without hyperforin (group: Hypericum powder type B 2.7 g/day),0.5,57.7336,41.7825,7,7.5
16518,Mueller 2006,Midazolam without hyperforin (group: Hypericum powder type B 2.7 g/day),0.75,48.3869,23.0728,7,7.5
16518,Mueller 2006,Midazolam without hyperforin (group: Hypericum powder type B 2.7 g/day),1.0,44.6503,20.8909,7,7.5
16518,Mueller 2006,Midazolam without hyperforin (group: Hypericum powder type B 2.7 g/day),1.5,36.2426,12.4722,7,7.5
16518,Mueller 2006,Midazolam without hyperforin (group: Hypericum powder type B 2.7 g/day),2.0,30.3301,11.536,7,7.5
16518,Mueller 2006,Midazolam without hyperforin (group: Hypericum powder type B 2.7 g/day),2.5,24.4161,9.0423,7,7.5
16518,Mueller 2006,Midazolam without hyperforin (group: Hypericum powder type B 2.7 g/day),3.0,17.8792,7.1715,7,7.5
16518,Mueller 2006,Midazolam without hyperforin (group: Hypericum powder type B 2.7 g/day),4.0,12.9131,4.9889,7,7.5
16518,Mueller 2006,Midazolam without hyperforin (group: Hypericum powder type B 2.7 g/day),6.0,6.0974,3.4306,7,7.5
16518,Mueller 2006,Midazolam without hyperforin (group: Hypericum powder type B 2.7 g/day),8.0,5.206,3.1195,7,7.5
16519,Mueller 2006,Midazolam with hyperforin (group: Hypericum powder type B 2.7 g/day),312.25,36.5266,,7,7.5
16519,Mueller 2006,Midazolam with hyperforin (group: Hypericum powder type B 2.7 g/day),312.5,49.0046,28.0631,7,7.5
16519,Mueller 2006,Midazolam with hyperforin (group: Hypericum powder type B 2.7 g/day),312.75,38.4084,22.4514,7,7.5
16519,Mueller 2006,Midazolam with hyperforin (group: Hypericum powder type B 2.7 g/day),313.0,33.7372,18.7082,7,7.5
16519,Mueller 2006,Midazolam with hyperforin (group: Hypericum powder type B 2.7 g/day),313.5,28.4475,11.5367,7,7.5
16519,Mueller 2006,Midazolam with hyperforin (group: Hypericum powder type B 2.7 g/day),314.0,21.5988,8.1062,7,7.5
16519,Mueller 2006,Midazolam with hyperforin (group: Hypericum powder type B 2.7 g/day),314.5,15.0627,6.2346,7,7.5
16519,Mueller 2006,Midazolam with hyperforin (group: Hypericum powder type B 2.7 g/day),315.0,12.2667,4.9889,7,7.5
16519,Mueller 2006,Midazolam with hyperforin (group: Hypericum powder type B 2.7 g/day),316.0,9.1722,3.4291,7,7.5
16519,Mueller 2006,Midazolam with hyperforin (group: Hypericum powder type B 2.7 g/day),318.0,5.1635,0.9354,7,7.5
16519,Mueller 2006,Midazolam with hyperforin (group: Hypericum powder type B 2.7 g/day),320.0,3.6485,0.3111,7,7.5
16520,Mueller 2006,Midazolam without hyperforin (group: Hypericum powder type A 2.7 g/day),0.25,58.125,,7,7.5
16520,Mueller 2006,Midazolam without hyperforin (group: Hypericum powder type A 2.7 g/day),0.5,63.125,35.625,7,7.5
16520,Mueller 2006,Midazolam without hyperforin (group: Hypericum powder type A 2.7 g/day),0.75,47.1875,18.4375,7,7.5
16520,Mueller 2006,Midazolam without hyperforin (group: Hypericum powder type A 2.7 g/day),1.0,38.75,11.5625,7,7.5
16520,Mueller 2006,Midazolam without hyperforin (group: Hypericum powder type A 2.7 g/day),1.5,33.75,10.625,7,7.5
16520,Mueller 2006,Midazolam without hyperforin (group: Hypericum powder type A 2.7 g/day),2.0,28.75,11.25,7,7.5
16520,Mueller 2006,Midazolam without hyperforin (group: Hypericum powder type A 2.7 g/day),2.5,20.0,8.75,7,7.5
16520,Mueller 2006,Midazolam without hyperforin (group: Hypericum powder type A 2.7 g/day),3.0,16.875,7.8125,7,7.5
16520,Mueller 2006,Midazolam without hyperforin (group: Hypericum powder type A 2.7 g/day),4.0,13.4375,5.9375,7,7.5
16520,Mueller 2006,Midazolam without hyperforin (group: Hypericum powder type A 2.7 g/day),6.0,5.0,3.125,7,7.5
16521,Mueller 2006,Midazolam with hyperforin (group: Hypericum powder type A 2.7 g/day),312.25,21.5625,19.0625,7,7.5
16521,Mueller 2006,Midazolam with hyperforin (group: Hypericum powder type A 2.7 g/day),312.5,34.375,16.25,7,7.5
16521,Mueller 2006,Midazolam with hyperforin (group: Hypericum powder type A 2.7 g/day),312.75,31.875,12.5,7,7.5
16521,Mueller 2006,Midazolam with hyperforin (group: Hypericum powder type A 2.7 g/day),313.0,24.6875,8.125,7,7.5
16521,Mueller 2006,Midazolam with hyperforin (group: Hypericum powder type A 2.7 g/day),313.5,21.5625,10.0,7,7.5
16521,Mueller 2006,Midazolam with hyperforin (group: Hypericum powder type A 2.7 g/day),314.0,12.1875,4.6875,7,7.5
16521,Mueller 2006,Midazolam with hyperforin (group: Hypericum powder type A 2.7 g/day),314.5,9.375,4.0625,7,7.5
16521,Mueller 2006,Midazolam with hyperforin (group: Hypericum powder type A 2.7 g/day),315.0,7.5,4.375,7,7.5
16521,Mueller 2006,Midazolam with hyperforin (group: Hypericum powder type A 2.7 g/day),316.0,5.3125,3.75,7,7.5
16521,Mueller 2006,Midazolam with hyperforin (group: Hypericum powder type A 2.7 g/day),318.0,2.5,0.3125,7,7.5
16522,Mueller 2006,Midazolam without hyperforin (group: Hypericum powder type A 1.8 g/day),0.5,21.5625,17.5,7,7.5
16522,Mueller 2006,Midazolam without hyperforin (group: Hypericum powder type A 1.8 g/day),0.75,28.4375,15.625,7,7.5
16522,Mueller 2006,Midazolam without hyperforin (group: Hypericum powder type A 1.8 g/day),1.0,34.6875,21.5625,7,7.5
16522,Mueller 2006,Midazolam without hyperforin (group: Hypericum powder type A 1.8 g/day),1.5,34.6875,17.5,7,7.5
16522,Mueller 2006,Midazolam without hyperforin (group: Hypericum powder type A 1.8 g/day),2.0,35.9375,23.4375,7,7.5
16522,Mueller 2006,Midazolam without hyperforin (group: Hypericum powder type A 1.8 g/day),2.5,26.25,16.5625,7,7.5
16522,Mueller 2006,Midazolam without hyperforin (group: Hypericum powder type A 1.8 g/day),3.0,20.3125,12.1875,7,7.5
16522,Mueller 2006,Midazolam without hyperforin (group: Hypericum powder type A 1.8 g/day),4.0,13.4375,8.4375,7,7.5
16522,Mueller 2006,Midazolam without hyperforin (group: Hypericum powder type A 1.8 g/day),6.0,5.9375,3.75,7,7.5
16523,Mueller 2006,Midazolam with hyperforin (group: Hypericum powder type A 1.8 g/day),312.5,19.0625,8.4375,7,7.5
16523,Mueller 2006,Midazolam with hyperforin (group: Hypericum powder type A 1.8 g/day),312.75,32.8125,10.625,7,7.5
16523,Mueller 2006,Midazolam with hyperforin (group: Hypericum powder type A 1.8 g/day),313.0,31.875,11.875,7,7.5
16523,Mueller 2006,Midazolam with hyperforin (group: Hypericum powder type A 1.8 g/day),313.5,23.75,9.375,7,7.5
16523,Mueller 2006,Midazolam with hyperforin (group: Hypericum powder type A 1.8 g/day),314.0,18.4375,7.5,7,7.5
16523,Mueller 2006,Midazolam with hyperforin (group: Hypericum powder type A 1.8 g/day),314.5,12.8125,5.625,7,7.5
16523,Mueller 2006,Midazolam with hyperforin (group: Hypericum powder type A 1.8 g/day),315.0,10.625,5.0,7,7.5
16523,Mueller 2006,Midazolam with hyperforin (group: Hypericum powder type A 1.8 g/day),316.0,6.25,3.125,7,7.5
16523,Mueller 2006,Midazolam with hyperforin (group: Hypericum powder type A 1.8 g/day),318.0,2.5,1.25,7,7.5
16524,Mueller 2006,Midazolam without hyperforin (group: Hypericum powder type A 1.2 g/day),0.25,50.6658,,7,7.5
16524,Mueller 2006,Midazolam without hyperforin (group: Hypericum powder type A 1.2 g/day),0.5,76.1718,21.7778,7,7.5
16524,Mueller 2006,Midazolam without hyperforin (group: Hypericum powder type A 1.2 g/day),0.75,69.0112,17.4208,7,7.5
16524,Mueller 2006,Midazolam without hyperforin (group: Hypericum powder type A 1.2 g/day),1.0,55.0046,15.8667,7,7.5
16524,Mueller 2006,Midazolam without hyperforin (group: Hypericum powder type A 1.2 g/day),1.5,41.6159,16.4889,7,7.5
16524,Mueller 2006,Midazolam without hyperforin (group: Hypericum powder type A 1.2 g/day),2.0,30.7168,9.643,7,7.5
16524,Mueller 2006,Midazolam without hyperforin (group: Hypericum powder type A 1.2 g/day),2.5,25.1043,12.7556,7,7.5
16524,Mueller 2006,Midazolam without hyperforin (group: Hypericum powder type A 1.2 g/day),3.0,21.36,12.4452,7,7.5
16524,Mueller 2006,Midazolam without hyperforin (group: Hypericum powder type A 1.2 g/day),4.0,13.8707,7.7785,7,7.5
16524,Mueller 2006,Midazolam without hyperforin (group: Hypericum powder type A 1.2 g/day),6.0,7.2936,5.2889,7,7.5
16525,Mueller 2006,Midazolam with hyperforin (group: Hypericum powder type A 1.2 g/day),312.25,26.7103,,7,7.5
16525,Mueller 2006,Midazolam with hyperforin (group: Hypericum powder type A 1.2 g/day),312.5,36.9726,22.0867,7,7.5
16525,Mueller 2006,Midazolam with hyperforin (group: Hypericum powder type A 1.2 g/day),312.75,34.7882,16.1778,7,7.5
16525,Mueller 2006,Midazolam with hyperforin (group: Hypericum powder type A 1.2 g/day),313.0,29.8046,13.3792,7,7.5
16525,Mueller 2006,Midazolam with hyperforin (group: Hypericum powder type A 1.2 g/day),313.5,26.9936,6.8452,7,7.5
16525,Mueller 2006,Midazolam with hyperforin (group: Hypericum powder type A 1.2 g/day),314.0,27.2938,10.577,7,7.5
16525,Mueller 2006,Midazolam with hyperforin (group: Hypericum powder type A 1.2 g/day),314.5,22.3051,12.7556,7,7.5
16525,Mueller 2006,Midazolam with hyperforin (group: Hypericum powder type A 1.2 g/day),315.0,17.0045,9.0215,7,7.5
16525,Mueller 2006,Midazolam with hyperforin (group: Hypericum powder type A 1.2 g/day),316.0,11.3833,8.0882,7,7.5
16525,Mueller 2006,Midazolam with hyperforin (group: Hypericum powder type A 1.2 g/day),318.0,4.4936,0.3111,7,7.5
16526,Mueller 2006,Midazolam without hyperforin (group: Hypericum powder type A 0.6 g/day),0.25,41.7364,,7,7.5
16526,Mueller 2006,Midazolam without hyperforin (group: Hypericum powder type A 0.6 g/day),0.5,79.147,50.2012,7,7.5
16526,Mueller 2006,Midazolam without hyperforin (group: Hypericum powder type A 0.6 g/day),0.75,64.4871,41.1574,7,7.5
16526,Mueller 2006,Midazolam without hyperforin (group: Hypericum powder type A 0.6 g/day),1.0,50.7626,29.3088,7,7.5
16526,Mueller 2006,Midazolam without hyperforin (group: Hypericum powder type A 0.6 g/day),1.5,49.1911,20.268,7,7.5
16526,Mueller 2006,Midazolam without hyperforin (group: Hypericum powder type A 0.6 g/day),2.0,42.9448,21.2027,7,7.5
16526,Mueller 2006,Midazolam without hyperforin (group: Hypericum powder type A 0.6 g/day),2.5,32.3325,19.3304,7,7.5
16526,Mueller 2006,Midazolam without hyperforin (group: Hypericum powder type A 0.6 g/day),3.0,24.5264,11.536,7,7.5
16526,Mueller 2006,Midazolam without hyperforin (group: Hypericum powder type A 0.6 g/day),4.0,18.2676,10.2888,7,7.5
16526,Mueller 2006,Midazolam without hyperforin (group: Hypericum powder type A 0.6 g/day),6.0,7.3098,4.0527,7,7.5
16526,Mueller 2006,Midazolam without hyperforin (group: Hypericum powder type A 0.6 g/day),8.0,3.5235,1.8708,7,7.5
16527,Mueller 2006,Midazolam with hyperforin (group: Hypericum powder type A 0.6 g/day),312.25,66.6807,,7,7.5
16527,Mueller 2006,Midazolam with hyperforin (group: Hypericum powder type A 0.6 g/day),312.5,74.7817,42.4061,7,7.5
16527,Mueller 2006,Midazolam with hyperforin (group: Hypericum powder type A 0.6 g/day),312.75,61.6816,21.2019,7,7.5
16527,Mueller 2006,Midazolam with hyperforin (group: Hypericum powder type A 0.6 g/day),313.0,49.5139,16.5249,7,7.5
16527,Mueller 2006,Midazolam with hyperforin (group: Hypericum powder type A 0.6 g/day),313.5,36.4079,15.2762,7,7.5
16527,Mueller 2006,Midazolam with hyperforin (group: Hypericum powder type A 0.6 g/day),314.0,26.731,9.977,7,7.5
16527,Mueller 2006,Midazolam with hyperforin (group: Hypericum powder type A 0.6 g/day),314.5,19.8596,5.6132,7,7.5
16527,Mueller 2006,Midazolam with hyperforin (group: Hypericum powder type A 0.6 g/day),315.0,14.8597,5.9235,7,7.5
16527,Mueller 2006,Midazolam with hyperforin (group: Hypericum powder type A 0.6 g/day),316.0,11.0954,4.9889,7,7.5
16527,Mueller 2006,Midazolam with hyperforin (group: Hypericum powder type A 0.6 g/day),318.0,5.1265,1.8708,7,7.5
16527,Mueller 2006,Midazolam with hyperforin (group: Hypericum powder type A 0.6 g/day),320.0,2.2756,0.6243,7,7.5
16647,Zahner 2019,Control day 1,0.167,0.8023,,20,1.0
16647,Zahner 2019,Control day 1,0.333,3.5116,,20,1.0
16647,Zahner 2019,Control day 1,0.5,4.5814,,20,1.0
16647,Zahner 2019,Control day 1,1.0,3.2674,,20,1.0
16647,Zahner 2019,Control day 1,1.5,2.4651,,20,1.0
16647,Zahner 2019,Control day 1,2.0,1.7907,,20,1.0
16647,Zahner 2019,Control day 1,2.5,1.5116,,20,1.0
16647,Zahner 2019,Control day 1,3.0,1.2093,,20,1.0
16647,Zahner 2019,Control day 1,4.0,0.8372,,20,1.0
16647,Zahner 2019,Control day 1,5.0,0.5581,,20,1.0
16647,Zahner 2019,Control day 1,6.0,0.4186,,20,1.0
16647,Zahner 2019,Control day 1,8.0,0.2907,,20,1.0
16647,Zahner 2019,Control day 1,12.0,0.1163,,20,1.0
16647,Zahner 2019,Control day 1,16.0,0.0698,,20,1.0
16648,Zahner 2020,day 8,168.167,0.8837,,20,1.0
16648,Zahner 2020,day 8,168.33,4.0116,,20,1.0
16648,Zahner 2020,day 8,168.5,5.0698,,20,1.0
16648,Zahner 2020,day 8,168.75,4.9302,,20,1.0
16648,Zahner 2020,day 8,169.0,4.1279,,20,1.0
16648,Zahner 2020,day 8,169.5,3.3953,,20,1.0
16648,Zahner 2020,day 8,170.0,2.2674,,20,1.0
16648,Zahner 2020,day 8,170.5,1.9651,,20,1.0
16648,Zahner 2020,day 8,171.0,1.5349,,20,1.0
16648,Zahner 2020,day 8,172.0,0.9884,,20,1.0
16648,Zahner 2020,day 8,173.0,0.6395,,20,1.0
16648,Zahner 2020,day 8,174.0,0.5581,,20,1.0
16648,Zahner 2020,day 8,176.0,0.3256,,20,1.0
16648,Zahner 2020,day 8,180.0,0.1512,,20,1.0
16648,Zahner 2020,day 8,184.0,0.0814,,20,1.0
16649,Zahner 2021,day 17,384.187,1.2907,,20,1.0
16649,Zahner 2021,day 17,384.33,3.8256,,20,1.0
16649,Zahner 2021,day 17,384.5,5.7674,,20,1.0
16649,Zahner 2021,day 17,384.75,5.186,,20,1.0
16649,Zahner 2021,day 17,385.0,3.9419,,20,1.0
16649,Zahner 2021,day 17,385.5,3.0465,,20,1.0
16649,Zahner 2021,day 17,386.0,1.8837,,20,1.0
16649,Zahner 2021,day 17,386.5,1.7558,,20,1.0
16649,Zahner 2021,day 17,387.0,1.314,,20,1.0
16649,Zahner 2021,day 17,388.0,0.9884,,20,1.0
16649,Zahner 2021,day 17,389.0,0.6163,,20,1.0
16649,Zahner 2021,day 17,390.0,0.4302,,20,1.0
16649,Zahner 2021,day 17,392.0,0.3256,,20,1.0
16649,Zahner 2021,day 17,396.0,0.1512,,20,1.0
16649,Zahner 2021,day 17,400.0,0.0814,,20,1.0
17153,Sauer 2004,ATO-MID-Control_day6,0.25,6.3321,,8,5.0
17153,Sauer 2004,ATO-MID-Control_day6,0.5,13.871,,8,5.0
17153,Sauer 2004,ATO-MID-Control_day6,1.0,11.586,,8,5.0
17153,Sauer 2004,ATO-MID-Control_day6,1.5,8.7322,,8,5.0
17153,Sauer 2004,ATO-MID-Control_day6,2.5,4.2235,,8,5.0
17153,Sauer 2004,ATO-MID-Control_day6,3.5,2.5093,,8,5.0
17153,Sauer 2004,ATO-MID-Control_day6,5.5,1.4071,,8,5.0
17154,Sauer 2004,ATO-MID-DDI_day6,120.75,4.5039,,8,
17154,Sauer 2004,ATO-MID-DDI_day6,121.0,8.9596,,8,
17154,Sauer 2004,ATO-MID-DDI_day6,121.5,13.432,,8,
17154,Sauer 2004,ATO-MID-DDI_day6,122.0,14.051,,8,
17154,Sauer 2004,ATO-MID-DDI_day6,123.0,5.862,,8,
17154,Sauer 2004,ATO-MID-DDI_day6,124.0,3.714,,8,
17154,Sauer 2004,ATO-MID-DDI_day6,126.0,1.5102,,8,
17154,Sauer 2004,ATO-MID-DDI_day6,128.0,0.8801,,8,
17155,Sauer 2004,ATO-MID-Control_day12,0.25,6.3321,,8,5.0
17155,Sauer 2004,ATO-MID-Control_day12,0.5,13.871,,8,5.0
17155,Sauer 2004,ATO-MID-Control_day12,1.0,11.586,,8,5.0
17155,Sauer 2004,ATO-MID-Control_day12,1.5,8.7322,,8,5.0
17155,Sauer 2004,ATO-MID-Control_day12,2.5,4.2235,,8,5.0
17155,Sauer 2004,ATO-MID-Control_day12,3.5,2.5093,,8,5.0
17155,Sauer 2004,ATO-MID-Control_day12,5.5,1.4071,,8,5.0
17156,Sauer 2004,ATO-MID-DDI_day12,264.75,10.387,,8,
17156,Sauer 2004,ATO-MID-DDI_day12,265.0,21.065,,8,
17156,Sauer 2004,ATO-MID-DDI_day12,265.5,17.823,,8,
17156,Sauer 2004,ATO-MID-DDI_day12,266.0,15.774,,8,
17156,Sauer 2004,ATO-MID-DDI_day12,267.0,5.1218,,8,
17156,Sauer 2004,ATO-MID-DDI_day12,268.0,3.5735,,8,
17156,Sauer 2004,ATO-MID-DDI_day12,270.0,1.3802,,8,
